,albumID,albumName,release_date,total_tracks,trackID,trackName,trackPop,nbSamples,nbSampled,nbRemixes,artist_uri
0,4iPei0ERbLxTwUd888Hv5G,Da Funk,1995,3,1r0dZYmg4dIJsKdUx2xFma,Da Funk,31,0.0,0.0,1.0,spotify:artist:4tZwfgrHOc3mvqYlEYSvVi
1,4iPei0ERbLxTwUd888Hv5G,Da Funk,1995,3,5N3FZ8eZ2mWwSWaJRAGHfS,Musique,45,0.0,1.0,0.0,spotify:artist:4tZwfgrHOc3mvqYlEYSvVi
2,4iPei0ERbLxTwUd888Hv5G,Da Funk,1995,3,1IBxtCOTtdU9StLpNK6wZh,Da Funk - Radio Edit,35,,,,spotify:artist:4tZwfgrHOc3mvqYlEYSvVi
3,4TaKGJaappn4hWMuLdwUEF,Around the World,1997-04-11,4,258dUXRcX7Qt4TFp81cN2S,Around the World - Motorbass Vice Mix,18,0.0,0.0,0.0,spotify:artist:4tZwfgrHOc3mvqYlEYSvVi
4,4TaKGJaappn4hWMuLdwUEF,Around the World,1997-04-11,4,77ergXeMeeb3wyvxFOBfZb,Teachers - Extended Mix,22,,,,spotify:artist:4tZwfgrHOc3mvqYlEYSvVi
5,4TaKGJaappn4hWMuLdwUEF,Around the World,1997-04-11,4,4NTnsmgHxlu92IlJqFwvoz,Around the World,35,0.0,0.0,11.0,spotify:artist:4tZwfgrHOc3mvqYlEYSvVi
6,4TaKGJaappn4hWMuLdwUEF,Around the World,1997-04-11,4,6XKvPNWlmnN0gJejCKm1k7,Around the World - Radio Edit [Radio Edit],52,,,,spotify:artist:4tZwfgrHOc3mvqYlEYSvVi
7,4tzfn6ulHYqCdPHkvOWQvZ,Burnin',1997-09-15,4,7fumss9IkI26dBu2e85JSo,Burnin',20,0.0,0.0,4.0,spotify:artist:4tZwfgrHOc3mvqYlEYSvVi
8,4tzfn6ulHYqCdPHkvOWQvZ,Burnin',1997-09-15,4,7FFzJPMJz2GeAJpp8FySrS,Burnin' - Slam Mix,17,0.0,0.0,0.0,spotify:artist:4tZwfgrHOc3mvqYlEYSvVi
9,4tzfn6ulHYqCdPHkvOWQvZ,Burnin',1997-09-15,4,6w4DJaCo6gQOftTr1DBQtX,Burnin' - Ian Pooley Cut up Mix,21,0.0,0.0,0.0,spotify:artist:4tZwfgrHOc3mvqYlEYSvVi
10,4tzfn6ulHYqCdPHkvOWQvZ,Burnin',1997-09-15,4,71dkXboU04Jp5oaqkjK5xd,Burnin' - Edit Version [Edit Version],28,,,,spotify:artist:4tZwfgrHOc3mvqYlEYSvVi
11,2Xjx9rNWxYrLeBHOIwZV9r,Revolution 909,1998-02-16,4,5MWXqasXXDT9n1wdTC0vH1,Revolution 909,23,0.0,0.0,1.0,spotify:artist:4tZwfgrHOc3mvqYlEYSvVi
12,2Xjx9rNWxYrLeBHOIwZV9r,Revolution 909,1998-02-16,4,5Te0VxSSZQm5A9xvZqTNKE,Revolution 909 - Revolution A Cappella,14,,,,spotify:artist:4tZwfgrHOc3mvqYlEYSvVi
13,2Xjx9rNWxYrLeBHOIwZV9r,Revolution 909,1998-02-16,4,7mC59tsgCysbQ1H3W3c4xZ,Revolution 909 - Roger Sanchez & Junior Sanchez Remix,20,,,,spotify:artist:4tZwfgrHOc3mvqYlEYSvVi
14,2Xjx9rNWxYrLeBHOIwZV9r,Revolution 909,1998-02-16,4,4ru9Flq2yjmjTLRXUbdHNJ,Revolution 909 - Radio Edit [Radio Edit],24,,,,spotify:artist:4tZwfgrHOc3mvqYlEYSvVi
15,0bHuuhpKn42ktYbyTIeumE,One More Time,2000-11-13,3,5P0cYWH6mpkdrmsgo5e1fe,One More Time - 12 Mix,37,,,,spotify:artist:4tZwfgrHOc3mvqYlEYSvVi
16,0bHuuhpKn42ktYbyTIeumE,One More Time,2000-11-13,3,5F0fiSkDxZL5V3SlnTNhKh,One More Time - Radio Edit,39,,,,spotify:artist:4tZwfgrHOc3mvqYlEYSvVi
17,0bHuuhpKn42ktYbyTIeumE,One More Time,2000-11-13,3,2Uy6EhQXAYkXA6MohPgjpV,One More Time - Radio Edit [Short Radio Edit],59,,,,spotify:artist:4tZwfgrHOc3mvqYlEYSvVi
18,6a34lYgmrwXe9jChS9ARZd,Aerodynamic,2001-03-28,2,1Z1lRAs3IkySfpJrf9J1VW,Aerodynamite,25,0.0,0.0,0.0,spotify:artist:4tZwfgrHOc3mvqYlEYSvVi
19,6a34lYgmrwXe9jChS9ARZd,Aerodynamic,2001-03-28,2,5o5O70lyFH1sTDNyktHbTA,Aerodynamic,31,0.0,0.0,4.0,spotify:artist:4tZwfgrHOc3mvqYlEYSvVi
20,0HZBRdk8p8mu6n1if6hVmk,Aerodynamic (Slum Village Remix),2001-03-28,1,6tM6O3whfJvWJKR0wileLY,Aerodynamic - Slum Village Remix,10,0.0,0.0,0.0,spotify:artist:4tZwfgrHOc3mvqYlEYSvVi
21,3UvcQMj1oRf9D3bPz4P1Zf,Digital Love,2001-06-08,3,4I30FykkDte2yxDbngKtjj,Digital Dub,21,0.0,0.0,0.0,spotify:artist:4tZwfgrHOc3mvqYlEYSvVi
22,3UvcQMj1oRf9D3bPz4P1Zf,Digital Love,2001-06-08,3,2g3f7VYFeceaDgjyj1dDF3,Digital Love,30,0.0,0.0,2.0,spotify:artist:4tZwfgrHOc3mvqYlEYSvVi
23,3UvcQMj1oRf9D3bPz4P1Zf,Digital Love,2001-06-08,3,5D06AhoBSkwDbgkuALoIot,Digital Love - Radio Edit [Radio Edit],34,,,,spotify:artist:4tZwfgrHOc3mvqYlEYSvVi
24,0ZU4cJcFo1s6YEceVABic5,"Harder, Better, Faster, Stronger (The Neptunes Remix)",2001-10-13,1,2BTPuMG87gD3QY4Kuh0Lkv,"Harder, Better, Faster, Stronger - The Neptunes Remix",11,0.0,0.0,0.0,spotify:artist:4tZwfgrHOc3mvqYlEYSvVi
25,1MmZZolm7iTNArajmWJ6gb,"Harder, Better, Faster, Stronger (Alive Radio Edit 2007)",2001-10-13,1,7z2Xur2O6Dy9mh8oSauXa2,"Harder, Better, Faster, Stronger - Alive Radio Edit 2007",46,,,,spotify:artist:4tZwfgrHOc3mvqYlEYSvVi
26,0A88p2r8PWnWGvWjzAnUrV,"Harder, Better, Faster, Stronger",2001-10-13,4,6ArDOAsJAGK6aJu8McFRcq,"Harder, Better, Faster, Stronger - Pete Heller's Stylus Mix",17,0.0,0.0,0.0,spotify:artist:4tZwfgrHOc3mvqYlEYSvVi
27,0A88p2r8PWnWGvWjzAnUrV,"Harder, Better, Faster, Stronger",2001-10-13,4,3v7KM7bDxBOT1b0vO4Uwra,"Harder, Better, Faster, Stronger - Breakers Break Remix",24,0.0,0.0,0.0,spotify:artist:4tZwfgrHOc3mvqYlEYSvVi
28,0A88p2r8PWnWGvWjzAnUrV,"Harder, Better, Faster, Stronger",2001-10-13,4,2cJz1loJp5EZM6shmQpLZN,"Harder, Better, Faster, Stronger",44,0.0,0.0,8.0,spotify:artist:4tZwfgrHOc3mvqYlEYSvVi
29,6ckiYNnuFHOuATS3qVIsNK,"Harder, Better, Faster, Stronger (Alive 2007)",2001-10-13,2,4uOlWwLNL3Ts8AvceM5Sjv,"Harder, Better, Faster, Stronger - Alive Extended 2007",4,,,,spotify:artist:4tZwfgrHOc3mvqYlEYSvVi
30,1Wg9o58cbpR2xrvV5BKx5X,Phoenix (Basement Jaxx Remix),2003-01-01,1,76VbGC3pZf0duBtXV2agK2,Phoenix - Basement Jaxx Remix,7,0.0,0.0,0.0,spotify:artist:4tZwfgrHOc3mvqYlEYSvVi
31,2CvZLTWcP7LMVV4GkE67xH,Something About Us (Love Theme from Interstella),2003-11-14,4,2dVNTxLs6VIPMyvVgZ6pGP,Something About Us,35,0.0,0.0,1.0,spotify:artist:4tZwfgrHOc3mvqYlEYSvVi
32,2CvZLTWcP7LMVV4GkE67xH,Something About Us (Love Theme from Interstella),2003-11-14,4,5bQxXxULHDbS8EaHlIIzQW,Voyager - Dominique Torti's Wild Style Edit,28,0.0,0.0,0.0,spotify:artist:4tZwfgrHOc3mvqYlEYSvVi
33,2CvZLTWcP7LMVV4GkE67xH,Something About Us (Love Theme from Interstella),2003-11-14,4,6fSXNDuKucAxQGPz1CHUrg,Veridis Quo,35,0.0,0.0,0.0,spotify:artist:4tZwfgrHOc3mvqYlEYSvVi
34,2CvZLTWcP7LMVV4GkE67xH,Something About Us (Love Theme from Interstella),2003-11-14,4,17PwbYemqwgiOFg0boOFru,Something About Us (Love Theme from Interstella 5555),36,,,,spotify:artist:4tZwfgrHOc3mvqYlEYSvVi
35,4KmFHj9bLSp2sWeYILTYJz,Human After All (Medley),2005,1,6aRRLvPFcmKD1aGVU04xGi,Human After All - Medley,26,,,,spotify:artist:4tZwfgrHOc3mvqYlEYSvVi
36,6nwye4zd7OY5FmMKZRMiDl,Robot Rock (Edit),2005-04-11,1,2gvSbIHvBKebtleZClEC9L,Robot Rock - Edit [Edit],48,,,,spotify:artist:4tZwfgrHOc3mvqYlEYSvVi
37,5QXkaMax7wx3eI65FUSboS,Technologic (Radio Edit),2005-06-14,1,6qIqFdJ8gIXphYO5GkXR1l,Technologic - Radio Edit [Radio Edit],33,,,,spotify:artist:4tZwfgrHOc3mvqYlEYSvVi
38,2ePFIvZKMe8zefATp9ofFA,Get Lucky (feat. Pharrell Williams & Nile Rodgers) [Radio Edit],2013-04-19,1,2Foc5Q5nqNiosCNqttzHof,Get Lucky (feat. Pharrell Williams & Nile Rodgers) - Radio Edit,82,,,,spotify:artist:4tZwfgrHOc3mvqYlEYSvVi
39,4IjfJlYFVmkPH5WQdFuyS8,Get Lucky (Daft Punk Remix) (feat. Pharrell Williams & Nile Rodgers),2013-06-26,1,78NwNb2BPO7OKDYYRWB1WT,Get Lucky (feat. Pharrell Williams & Nile Rodgers) - Daft Punk Remix,35,,,,spotify:artist:4tZwfgrHOc3mvqYlEYSvVi
40,3wDNqlA3VDqLKyeTlHKO8P,"Derezzed [(From “TRON: Legacy”) [Avicii ""So Amazing Mix""] [Feat. Negin]]",2014-01-01,1,2ewHAevJOazIhkzgLxb6Bh,"Derezzed - From TRON: Legacy/Avicii ""So Amazing Mix""",25,,,,spotify:artist:4tZwfgrHOc3mvqYlEYSvVi
41,08ndNp9WW5wWkIMOJQNX9E,I Gotta Try You Girl (Daft Punk Edit),2021-02-26,1,5F9yQFyqT26Fj8odgqincI,I Gotta Try You Girl - Daft Punk Edit,10,,,,spotify:artist:4tZwfgrHOc3mvqYlEYSvVi
42,5uRdvUR7xCnHmUW8n64n9y,Homework,1997-01-17,16,0cjavaamK4gxP9iZYw5I2X,Funk Ad,38,0.0,0.0,0.0,spotify:artist:4tZwfgrHOc3mvqYlEYSvVi
43,5uRdvUR7xCnHmUW8n64n9y,Homework,1997-01-17,16,1PH5Es89c1cENU8WVuWwbp,Alive,48,4.0,0.0,0.0,spotify:artist:4tZwfgrHOc3mvqYlEYSvVi
44,5uRdvUR7xCnHmUW8n64n9y,Homework,1997-01-17,16,4jF8GAMRCOenL17cNnBDI0,Indo Silver Club,42,0.0,0.0,0.0,spotify:artist:4tZwfgrHOc3mvqYlEYSvVi
45,5uRdvUR7xCnHmUW8n64n9y,Homework,1997-01-17,16,3Pm4jgrXCu0W7gTqyrlR4F,Oh Yeah,39,0.0,0.0,0.0,spotify:artist:4tZwfgrHOc3mvqYlEYSvVi
46,5uRdvUR7xCnHmUW8n64n9y,Homework,1997-01-17,16,1nluqUxDKnwWyScYVeQHXa,Rock'n Roll,41,0.0,0.0,0.0,spotify:artist:4tZwfgrHOc3mvqYlEYSvVi
47,5uRdvUR7xCnHmUW8n64n9y,Homework,1997-01-17,16,63ZAmhkAV6Kaw955ohbEsN,High Fidelity,42,0.0,0.0,0.0,spotify:artist:4tZwfgrHOc3mvqYlEYSvVi
48,5uRdvUR7xCnHmUW8n64n9y,Homework,1997-01-17,16,4ZdjCuiWBv2weLftWPJ72c,Teachers,48,0.0,0.0,0.0,spotify:artist:4tZwfgrHOc3mvqYlEYSvVi
49,5uRdvUR7xCnHmUW8n64n9y,Homework,1997-01-17,16,6hgBJPTHoDJyxydmtFWHKf,Rollin' & Scratchin',50,,,,spotify:artist:4tZwfgrHOc3mvqYlEYSvVi
50,5uRdvUR7xCnHmUW8n64n9y,Homework,1997-01-17,16,78H72MElkOY9cRnaudxZFY,Fresh,50,0.0,0.0,0.0,spotify:artist:4tZwfgrHOc3mvqYlEYSvVi
51,5uRdvUR7xCnHmUW8n64n9y,Homework,1997-01-17,16,6nQy5XEEEJKu8FE1FS2Wbt,Phoenix,45,0.0,0.0,1.0,spotify:artist:4tZwfgrHOc3mvqYlEYSvVi
52,5uRdvUR7xCnHmUW8n64n9y,Homework,1997-01-17,16,7dTWkvPOPgbGuMk4HDxNpY,WDPK 83.7 FM,9,0.0,0.0,0.0,spotify:artist:4tZwfgrHOc3mvqYlEYSvVi
53,5uRdvUR7xCnHmUW8n64n9y,Homework,1997-01-17,16,7fYIXtdOUl8WqXAqQGyIHQ,Daftendirekt,46,0.0,0.0,0.0,spotify:artist:4tZwfgrHOc3mvqYlEYSvVi
54,6JRaPcrT3cMBEmkgSqEPhI,Homework (25th Anniversary Edition),1997-01-20,31,6aXAO47l4zw21V4oWYGqAc,Around the World - RAW Dub,16,0.0,0.0,0.0,spotify:artist:4tZwfgrHOc3mvqYlEYSvVi
55,6JRaPcrT3cMBEmkgSqEPhI,Homework (25th Anniversary Edition),1997-01-20,31,1vHSWhEDYIGDTYjx3edz1E,Burnin' - DJ Sneak Mongowarrier Mix,16,0.0,0.0,0.0,spotify:artist:4tZwfgrHOc3mvqYlEYSvVi
56,6JRaPcrT3cMBEmkgSqEPhI,Homework (25th Anniversary Edition),1997-01-20,31,2ASfONRGdFOcetBvIeF1Qe,Around the World - Original Lead On Mix,19,,,,spotify:artist:4tZwfgrHOc3mvqYlEYSvVi
57,6JRaPcrT3cMBEmkgSqEPhI,Homework (25th Anniversary Edition),1997-01-20,31,4irrsXxMnNp5vW3fnFLBol,Around the World - M.A.W Remix,17,0.0,0.0,0.0,spotify:artist:4tZwfgrHOc3mvqYlEYSvVi
58,6JRaPcrT3cMBEmkgSqEPhI,Homework (25th Anniversary Edition),1997-01-20,31,4yRhLnDM5WdSP4btzqzNLN,Around the World - Kenlou Mix,31,0.0,0.0,0.0,spotify:artist:4tZwfgrHOc3mvqYlEYSvVi
59,6JRaPcrT3cMBEmkgSqEPhI,Homework (25th Anniversary Edition),1997-01-20,31,27VUxjFyXj3HUiImMyF7Az,Burnin' - DJ Sneak Main Mix,27,0.0,0.0,0.0,spotify:artist:4tZwfgrHOc3mvqYlEYSvVi
60,6JRaPcrT3cMBEmkgSqEPhI,Homework (25th Anniversary Edition),1997-01-20,31,3MERln0wX0uCa8BRSbSxIz,Around the World - Mellow Mix,45,0.0,0.0,0.0,spotify:artist:4tZwfgrHOc3mvqYlEYSvVi
61,6JRaPcrT3cMBEmkgSqEPhI,Homework (25th Anniversary Edition),1997-01-20,31,4W10VdilnHOyPs0Z2bk0Ok,Around the World - Tee's Frozen Sun Mix,24,0.0,0.0,0.0,spotify:artist:4tZwfgrHOc3mvqYlEYSvVi
62,6JRaPcrT3cMBEmkgSqEPhI,Homework (25th Anniversary Edition),1997-01-20,31,2wJvgawO7sP1wnn8qFOcbc,Around the World - I:Cube Remix,26,,,,spotify:artist:4tZwfgrHOc3mvqYlEYSvVi
63,2noRn2Aes5aoNVsU6iWThc,Discovery,2001-03-12,14,3zMvotMEQK3xvH01vA9wAP,Too Long,55,0.0,0.0,1.0,spotify:artist:4tZwfgrHOc3mvqYlEYSvVi
64,2noRn2Aes5aoNVsU6iWThc,Discovery,2001-03-12,14,7v9Q0dAb9t7h8gJOkcJHay,Face to Face,63,0.0,0.0,2.0,spotify:artist:4tZwfgrHOc3mvqYlEYSvVi
65,2noRn2Aes5aoNVsU6iWThc,Discovery,2001-03-12,14,4npMbTuxrUA3Wd7edACZ2L,Short Circuit,54,0.0,0.0,0.0,spotify:artist:4tZwfgrHOc3mvqYlEYSvVi
66,2noRn2Aes5aoNVsU6iWThc,Discovery,2001-03-12,14,7cMFjxhbXBpOlais7KMF3j,Voyager,63,0.0,0.0,1.0,spotify:artist:4tZwfgrHOc3mvqYlEYSvVi
67,2noRn2Aes5aoNVsU6iWThc,Discovery,2001-03-12,14,098ttCNmncrO4YvqWUNMvn,High Life,56,0.0,13.0,0.0,spotify:artist:4tZwfgrHOc3mvqYlEYSvVi
68,2noRn2Aes5aoNVsU6iWThc,Discovery,2001-03-12,14,186hvCTyrni4KT9nwIQ7zS,Superheroes,55,0.0,0.0,0.0,spotify:artist:4tZwfgrHOc3mvqYlEYSvVi
69,2noRn2Aes5aoNVsU6iWThc,Discovery,2001-03-12,14,63JXZZRbmzooashakb0zbu,Nightvision,55,0.0,0.0,0.0,spotify:artist:4tZwfgrHOc3mvqYlEYSvVi
70,2noRn2Aes5aoNVsU6iWThc,Discovery,2001-03-12,14,6vuPZX9fWESg5js2JFTQRJ,Crescendolls,56,0.0,0.0,1.0,spotify:artist:4tZwfgrHOc3mvqYlEYSvVi
71,2noRn2Aes5aoNVsU6iWThc,Discovery,2001-03-12,14,0DiWol3AO6WpXZgp0goxAV,One More Time,78,0.0,0.0,5.0,spotify:artist:4tZwfgrHOc3mvqYlEYSvVi
72,3Z7mPCcnwAzU7GtsRYf0HA,Alive 1997,2001-10-01,1,0Kbvz9ZjihrcE1Vd1dDCZh,Alive 1997,34,1.0,0.0,0.0,spotify:artist:4tZwfgrHOc3mvqYlEYSvVi
73,1O5WUh9KsgHT2QaUCJeVPG,Daft Club,2003-12-01,14,6ju6DQ7uIuo74eh8iKUQu5,One More Time - Romanthony's Unplugged,27,0.0,0.0,0.0,spotify:artist:4tZwfgrHOc3mvqYlEYSvVi
74,1O5WUh9KsgHT2QaUCJeVPG,Daft Club,2003-12-01,14,3mEAtR6LFoCNsjg84gZF9L,Too Long - Gonzales Version,25,0.0,0.0,0.0,spotify:artist:4tZwfgrHOc3mvqYlEYSvVi
75,1O5WUh9KsgHT2QaUCJeVPG,Daft Club,2003-12-01,14,1702kHIwlMLbTgnzPZbkno,Crescendolls - Laidback Luke Remix,24,0.0,0.0,0.0,spotify:artist:4tZwfgrHOc3mvqYlEYSvVi
76,1O5WUh9KsgHT2QaUCJeVPG,Daft Club,2003-12-01,14,1dyoTxPBYJOlhD0DRn29Ly,Face to Face - Demon Remix,28,0.0,0.0,0.0,spotify:artist:4tZwfgrHOc3mvqYlEYSvVi
77,1O5WUh9KsgHT2QaUCJeVPG,Daft Club,2003-12-01,14,1tc1T1hH5HbRXx3aipDwRU,"Harder, Better, Faster, Stronger - Jess & Crabbe Remix",29,0.0,0.0,0.0,spotify:artist:4tZwfgrHOc3mvqYlEYSvVi
78,1O5WUh9KsgHT2QaUCJeVPG,Daft Club,2003-12-01,14,4VoPoqo6tnziRul41NKYVJ,Digital Love - Boris Dlugosch Remix,31,0.0,0.0,0.0,spotify:artist:4tZwfgrHOc3mvqYlEYSvVi
79,1O5WUh9KsgHT2QaUCJeVPG,Daft Club,2003-12-01,14,2obYlOGofygYwoQLjvQJz8,Face to Face - Cosmo Vitelli Remix,29,0.0,0.0,0.0,spotify:artist:4tZwfgrHOc3mvqYlEYSvVi
80,1O5WUh9KsgHT2QaUCJeVPG,Daft Club,2003-12-01,14,37YWwmlRl1GonSwjRuOiEq,Aerodynamic - Daft Punk Remix,51,0.0,0.0,0.0,spotify:artist:4tZwfgrHOc3mvqYlEYSvVi
81,1O5WUh9KsgHT2QaUCJeVPG,Daft Club,2003-12-01,14,1pyTJdbGVBVvKXC3MtemHA,Ouverture,42,,,,spotify:artist:4tZwfgrHOc3mvqYlEYSvVi
82,1A2GTWGtFfWp7KSQTwWOyo,Human After All,2005-03-14,10,3PsJ6zisndTa3F9eOjBfCc,Emotion,35,0.0,4.0,0.0,spotify:artist:4tZwfgrHOc3mvqYlEYSvVi
83,1A2GTWGtFfWp7KSQTwWOyo,Human After All,2005-03-14,10,0LSLM0zuWRkEYemF7JcfEE,Technologic,52,0.0,0.0,8.0,spotify:artist:4tZwfgrHOc3mvqYlEYSvVi
84,1A2GTWGtFfWp7KSQTwWOyo,Human After All,2005-03-14,10,73mTIDCNKGfUF4MiFfR3b5,Television Rules the Nation,37,0.0,0.0,0.0,spotify:artist:4tZwfgrHOc3mvqYlEYSvVi
85,1A2GTWGtFfWp7KSQTwWOyo,Human After All,2005-03-14,10,0cV1dl2k19YoGbxTKDb0rH,On / Off,1,0.0,3.0,0.0,spotify:artist:4tZwfgrHOc3mvqYlEYSvVi
86,1A2GTWGtFfWp7KSQTwWOyo,Human After All,2005-03-14,10,61qwHnU8dyMqPemGzopDcp,The Brainwasher,32,0.0,0.0,1.0,spotify:artist:4tZwfgrHOc3mvqYlEYSvVi
87,1A2GTWGtFfWp7KSQTwWOyo,Human After All,2005-03-14,10,1WnXCfO6oIxG0TbJj29MqR,Make Love,45,0.0,4.0,0.0,spotify:artist:4tZwfgrHOc3mvqYlEYSvVi
88,1A2GTWGtFfWp7KSQTwWOyo,Human After All,2005-03-14,10,07KtTNn0wZndtN5NOYdBWR,Steam Machine,33,0.0,5.0,0.0,spotify:artist:4tZwfgrHOc3mvqYlEYSvVi
89,1A2GTWGtFfWp7KSQTwWOyo,Human After All,2005-03-14,10,4zu9wo2FXoBSsKjO6tRB3R,Robot Rock,53,0.0,0.0,4.0,spotify:artist:4tZwfgrHOc3mvqYlEYSvVi
90,1A2GTWGtFfWp7KSQTwWOyo,Human After All,2005-03-14,10,2ABpuao3ZbTjP2cSiX9KZc,The Prime Time of Your Life,41,0.0,0.0,1.0,spotify:artist:4tZwfgrHOc3mvqYlEYSvVi
91,1A2GTWGtFfWp7KSQTwWOyo,Human After All,2005-03-14,10,3aByRUC2BVL6Fs1zI723sd,Human After All,46,4.0,0.0,0.0,spotify:artist:4tZwfgrHOc3mvqYlEYSvVi
92,11cpAynoDMZFD0B2xtw6OQ,Human After All (Remixes),2006-03-29,15,5b3n32izrzbkTMC16FZ83r,Technologic - Le Knight Club Remix,26,,,,spotify:artist:4tZwfgrHOc3mvqYlEYSvVi
93,11cpAynoDMZFD0B2xtw6OQ,Human After All (Remixes),2006-03-29,15,0frwUWLdF1PnPF4ysjlBA4,Human After All - Emperor Machine Version,19,0.0,0.0,0.0,spotify:artist:4tZwfgrHOc3mvqYlEYSvVi
94,11cpAynoDMZFD0B2xtw6OQ,Human After All (Remixes),2006-03-29,15,7v7NHYIzIs9anGBUFFMamf,Human After All - The Juan Mclean Remix,19,0.0,0.0,0.0,spotify:artist:4tZwfgrHOc3mvqYlEYSvVi
95,11cpAynoDMZFD0B2xtw6OQ,Human After All (Remixes),2006-03-29,15,6RZRao7yG0G50VRvu3M4ct,Technologic - Basement Jaxx Kontrol Mixx,20,0.0,0.0,0.0,spotify:artist:4tZwfgrHOc3mvqYlEYSvVi
96,11cpAynoDMZFD0B2xtw6OQ,Human After All (Remixes),2006-03-29,15,11L5sMCBeor1mFUW0cXrIR,Technologic - Liquid Twins Remix,22,0.0,0.0,0.0,spotify:artist:4tZwfgrHOc3mvqYlEYSvVi
97,11cpAynoDMZFD0B2xtw6OQ,Human After All (Remixes),2006-03-29,15,6QqtrujZQLMtsHiyk9rKyA,Robot Rock - Maximum Overdrive Mix,23,0.0,0.0,0.0,spotify:artist:4tZwfgrHOc3mvqYlEYSvVi
98,11cpAynoDMZFD0B2xtw6OQ,Human After All (Remixes),2006-03-29,15,1QKWEOrj8Ee8PBu6mPVSw1,Technologic - Vitalic Remix,22,0.0,0.0,0.0,spotify:artist:4tZwfgrHOc3mvqYlEYSvVi
99,11cpAynoDMZFD0B2xtw6OQ,Human After All (Remixes),2006-03-29,15,1wjNeiqNI6gXr8MJgnVIo2,Human After All - Alter Ego Remix,20,0.0,0.0,0.0,spotify:artist:4tZwfgrHOc3mvqYlEYSvVi
100,11cpAynoDMZFD0B2xtw6OQ,Human After All (Remixes),2006-03-29,15,01sOjRlYusOIfxC9qaSYqQ,Technologic - Digitalism Remix,23,,,,spotify:artist:4tZwfgrHOc3mvqYlEYSvVi
101,11cpAynoDMZFD0B2xtw6OQ,Human After All (Remixes),2006-03-29,15,2QkzakBouxPqiWI7ke3Tso,"Human After All - ""Guy-Man After All"" Justice Remix",25,0.0,0.0,0.0,spotify:artist:4tZwfgrHOc3mvqYlEYSvVi
102,11cpAynoDMZFD0B2xtw6OQ,Human After All (Remixes),2006-03-29,15,7z04OESfPf9PiaJPX3h5hr,Prime Time of Your Life - Para One Remix,26,0.0,0.0,0.0,spotify:artist:4tZwfgrHOc3mvqYlEYSvVi
103,11cpAynoDMZFD0B2xtw6OQ,Human After All (Remixes),2006-03-29,15,14vpfA3QRbZQNEn7ojtL3Z,Brainwasher - Erol Alkan's Horrorhouse Dub,20,0.0,0.0,0.0,spotify:artist:4tZwfgrHOc3mvqYlEYSvVi
104,11cpAynoDMZFD0B2xtw6OQ,Human After All (Remixes),2006-03-29,15,6Wn1bfoqAXHqzjoNSzpiKs,Technologic - Peaches No Logic Remix,24,0.0,0.0,0.0,spotify:artist:4tZwfgrHOc3mvqYlEYSvVi
105,11cpAynoDMZFD0B2xtw6OQ,Human After All (Remixes),2006-03-29,15,4TeYKbvzloWQ1eGG4JB4b6,Human After All - SebastiAn Remix,31,0.0,0.0,0.0,spotify:artist:4tZwfgrHOc3mvqYlEYSvVi
106,11cpAynoDMZFD0B2xtw6OQ,Human After All (Remixes),2006-03-29,15,0BEDdX7TWPEt1gWnbVbHdN,Robot Rock - Soulwax Remix,29,0.0,0.0,0.0,spotify:artist:4tZwfgrHOc3mvqYlEYSvVi
107,3Bz2QPL8NLBn1d03jXtNkT,Alive 2007,2007-11-19,13,2T5xz7pcUpkLSgphFnqWY6,Human After All / Together / One More Time / Music Sounds Better with You,24,4.0,0.0,0.0,spotify:artist:4tZwfgrHOc3mvqYlEYSvVi
108,3Bz2QPL8NLBn1d03jXtNkT,Alive 2007,2007-11-19,13,2wm5wVY6TpTcAGzFLZU32Y,Superheroes / Human After All / Rock'n Roll,22,,,,spotify:artist:4tZwfgrHOc3mvqYlEYSvVi
109,3Bz2QPL8NLBn1d03jXtNkT,Alive 2007,2007-11-19,13,0io8OKkhfd2iBjU5gOGPSC,Da Funk / Daftendirekt,22,1.0,0.0,0.0,spotify:artist:4tZwfgrHOc3mvqYlEYSvVi
110,3Bz2QPL8NLBn1d03jXtNkT,Alive 2007,2007-11-19,13,3fxpbEDxJLvhzuBL3slFvb,Prime Time of Your Life / Brainwasher / Rollin' & Scratchin' / Alive,23,,,,spotify:artist:4tZwfgrHOc3mvqYlEYSvVi
111,3Bz2QPL8NLBn1d03jXtNkT,Alive 2007,2007-11-19,13,1VPfowT2FCQ9fdaIXbW9AH,"Aerodynamic Beats / Gabrielle , Forget About the World",22,,,,spotify:artist:4tZwfgrHOc3mvqYlEYSvVi
112,3Bz2QPL8NLBn1d03jXtNkT,Alive 2007,2007-11-19,13,18xicbHkVJEhZNmgt2P8fw,One More Time / Aerodynamic,26,,,,spotify:artist:4tZwfgrHOc3mvqYlEYSvVi
113,3Bz2QPL8NLBn1d03jXtNkT,Alive 2007,2007-11-19,13,61icxIMTCprewcglHkOhPZ,Face to Face / Short Circuit,24,1.0,0.0,0.0,spotify:artist:4tZwfgrHOc3mvqYlEYSvVi
114,3Bz2QPL8NLBn1d03jXtNkT,Alive 2007,2007-11-19,13,5CYM628A5vNaPlx2hy6Drs,Burnin' / Too Long,24,,,,spotify:artist:4tZwfgrHOc3mvqYlEYSvVi
115,3Bz2QPL8NLBn1d03jXtNkT,Alive 2007,2007-11-19,13,0iYGI01MEFu9ohSNuMVpwL,"Around the World / Harder, Better, Faster, Stronger",32,1.0,0.0,0.0,spotify:artist:4tZwfgrHOc3mvqYlEYSvVi
116,3Bz2QPL8NLBn1d03jXtNkT,Alive 2007,2007-11-19,13,1DtOKrgREeQ9va6f3FAfXf,Too Long / Steam Machine,26,,,,spotify:artist:4tZwfgrHOc3mvqYlEYSvVi
117,3Bz2QPL8NLBn1d03jXtNkT,Alive 2007,2007-11-19,13,5pid7wpFMJvXvlYETOIUzo,Television Rules the Nation / Crescendolls,28,1.0,0.0,0.0,spotify:artist:4tZwfgrHOc3mvqYlEYSvVi
118,3Bz2QPL8NLBn1d03jXtNkT,Alive 2007,2007-11-19,13,0yf4PlZ8rG3MrnqsmTzvMp,Touch It / Technologic,28,4.0,0.0,0.0,spotify:artist:4tZwfgrHOc3mvqYlEYSvVi
119,3Bz2QPL8NLBn1d03jXtNkT,Alive 2007,2007-11-19,13,0q9zz6nP5izcUnfYndfVX6,Robot Rock / Oh Yeah,27,1.0,0.0,0.0,spotify:artist:4tZwfgrHOc3mvqYlEYSvVi
120,3AMXFnwHWXCvNr5NCCpLZI,TRON: Legacy - The Complete Edition (Original Motion Picture Soundtrack),2010-12-03,31,0KCzXogxEjPDOYrwvC7Dkg,"Outlands, Part II",44,,,,spotify:artist:4tZwfgrHOc3mvqYlEYSvVi
121,3AMXFnwHWXCvNr5NCCpLZI,TRON: Legacy - The Complete Edition (Original Motion Picture Soundtrack),2010-12-03,31,5OO1MmnLVRPYjDGbDC9c5s,Father and Son,42,,,,spotify:artist:4tZwfgrHOc3mvqYlEYSvVi
122,3AMXFnwHWXCvNr5NCCpLZI,TRON: Legacy - The Complete Edition (Original Motion Picture Soundtrack),2010-12-03,31,5EkLu4IaWJuFfDlPdCtjQX,Sunrise Prelude,41,,,,spotify:artist:4tZwfgrHOc3mvqYlEYSvVi
123,3AMXFnwHWXCvNr5NCCpLZI,TRON: Legacy - The Complete Edition (Original Motion Picture Soundtrack),2010-12-03,31,2Aq8H7LO9IujF4uFUaCpfj,Reflections,41,,,,spotify:artist:4tZwfgrHOc3mvqYlEYSvVi
124,3AMXFnwHWXCvNr5NCCpLZI,TRON: Legacy - The Complete Edition (Original Motion Picture Soundtrack),2010-12-03,31,6w5ZzNX84SzG5ob8tm4Ozq,Castor,44,,,,spotify:artist:4tZwfgrHOc3mvqYlEYSvVi
125,3AMXFnwHWXCvNr5NCCpLZI,TRON: Legacy - The Complete Edition (Original Motion Picture Soundtrack),2010-12-03,31,0wF6Fj7kEhrfVWC3AgCRBx,Round One,41,,,,spotify:artist:4tZwfgrHOc3mvqYlEYSvVi
126,3AMXFnwHWXCvNr5NCCpLZI,TRON: Legacy - The Complete Edition (Original Motion Picture Soundtrack),2010-12-03,31,0wuXtDn3vPxvG6szydUznc,Encom Part I,42,,,,spotify:artist:4tZwfgrHOc3mvqYlEYSvVi
127,3AMXFnwHWXCvNr5NCCpLZI,TRON: Legacy - The Complete Edition (Original Motion Picture Soundtrack),2010-12-03,31,37OFlKZy7bJeF6vzFmekfK,Encom Part II,45,0.0,0.0,1.0,spotify:artist:4tZwfgrHOc3mvqYlEYSvVi
128,3AMXFnwHWXCvNr5NCCpLZI,TRON: Legacy - The Complete Edition (Original Motion Picture Soundtrack),2010-12-03,31,1dsetWQ7Jx0uygKHPH0GBk,Sea of Simulation,44,,,,spotify:artist:4tZwfgrHOc3mvqYlEYSvVi
129,3AMXFnwHWXCvNr5NCCpLZI,TRON: Legacy - The Complete Edition (Original Motion Picture Soundtrack),2010-12-03,31,2URbRukS6KLiQOGAhGP40J,Finale,42,0.0,1.0,0.0,spotify:artist:4tZwfgrHOc3mvqYlEYSvVi
130,3AMXFnwHWXCvNr5NCCpLZI,TRON: Legacy - The Complete Edition (Original Motion Picture Soundtrack),2010-12-03,31,69T9xcz6U8GFYmdPLkYn4J,TRON Legacy (End Titles),47,0.0,0.0,1.0,spotify:artist:4tZwfgrHOc3mvqYlEYSvVi
131,3AMXFnwHWXCvNr5NCCpLZI,TRON: Legacy - The Complete Edition (Original Motion Picture Soundtrack),2010-12-03,31,3szggCvjcOLWroR6DM9cJn,Flynn Lives,45,0.0,0.0,0.0,spotify:artist:4tZwfgrHOc3mvqYlEYSvVi
132,3AMXFnwHWXCvNr5NCCpLZI,TRON: Legacy - The Complete Edition (Original Motion Picture Soundtrack),2010-12-03,31,4Fm7MMYiSRriB4eTvulVKQ,Arrival,43,,,,spotify:artist:4tZwfgrHOc3mvqYlEYSvVi
133,3AMXFnwHWXCvNr5NCCpLZI,TRON: Legacy - The Complete Edition (Original Motion Picture Soundtrack),2010-12-03,31,5yq0Wr88ARxysyYEEfVY2E,C.L.U.,45,0.0,0.0,1.0,spotify:artist:4tZwfgrHOc3mvqYlEYSvVi
134,3AMXFnwHWXCvNr5NCCpLZI,TRON: Legacy - The Complete Edition (Original Motion Picture Soundtrack),2010-12-03,31,1OAEosQeqo1Q2RKkipkkiP,Disc Wars,45,,,,spotify:artist:4tZwfgrHOc3mvqYlEYSvVi
135,3AMXFnwHWXCvNr5NCCpLZI,TRON: Legacy - The Complete Edition (Original Motion Picture Soundtrack),2010-12-03,31,6lEEO57pUsxL33F3tSNWV3,Rectifier,44,,,,spotify:artist:4tZwfgrHOc3mvqYlEYSvVi
136,3AMXFnwHWXCvNr5NCCpLZI,TRON: Legacy - The Complete Edition (Original Motion Picture Soundtrack),2010-12-03,31,770xg19bhZii0ARFBn1qR5,Solar Sailer,48,0.0,0.0,1.0,spotify:artist:4tZwfgrHOc3mvqYlEYSvVi
137,3AMXFnwHWXCvNr5NCCpLZI,TRON: Legacy - The Complete Edition (Original Motion Picture Soundtrack),2010-12-03,31,5pPKx6IhpBIqdMGAC0RYn9,Fall,47,0.0,0.0,2.0,spotify:artist:4tZwfgrHOc3mvqYlEYSvVi
138,3AMXFnwHWXCvNr5NCCpLZI,TRON: Legacy - The Complete Edition (Original Motion Picture Soundtrack),2010-12-03,31,7hqlHZIXhwAzpWQxm9KzBd,Derezzed,53,0.0,0.0,5.0,spotify:artist:4tZwfgrHOc3mvqYlEYSvVi
139,3AMXFnwHWXCvNr5NCCpLZI,TRON: Legacy - The Complete Edition (Original Motion Picture Soundtrack),2010-12-03,31,09TlxralXOGX35LUutvw7I,End of Line,62,0.0,0.0,3.0,spotify:artist:4tZwfgrHOc3mvqYlEYSvVi
140,3AMXFnwHWXCvNr5NCCpLZI,TRON: Legacy - The Complete Edition (Original Motion Picture Soundtrack),2010-12-03,31,7toH0mW6Noyt5B0nczGqj5,Nocturne,47,,,,spotify:artist:4tZwfgrHOc3mvqYlEYSvVi
141,3AMXFnwHWXCvNr5NCCpLZI,TRON: Legacy - The Complete Edition (Original Motion Picture Soundtrack),2010-12-03,31,6c9LokX8oCb3c3VT0Ok0ep,Adagio For TRON,47,0.0,0.0,1.0,spotify:artist:4tZwfgrHOc3mvqYlEYSvVi
142,3AMXFnwHWXCvNr5NCCpLZI,TRON: Legacy - The Complete Edition (Original Motion Picture Soundtrack),2010-12-03,31,1lQZ7fJRndezv3hnEtadcI,Outlands,47,0.0,0.0,0.0,spotify:artist:4tZwfgrHOc3mvqYlEYSvVi
143,3AMXFnwHWXCvNr5NCCpLZI,TRON: Legacy - The Complete Edition (Original Motion Picture Soundtrack),2010-12-03,31,1LaCW0R8Q7oIY3tKtDgZOw,The Game Has Changed,49,0.0,1.0,0.0,spotify:artist:4tZwfgrHOc3mvqYlEYSvVi
144,3AMXFnwHWXCvNr5NCCpLZI,TRON: Legacy - The Complete Edition (Original Motion Picture Soundtrack),2010-12-03,31,70RkgofUfQHLl2FT2Mx5zq,Rinzler,49,0.0,0.0,1.0,spotify:artist:4tZwfgrHOc3mvqYlEYSvVi
145,3AMXFnwHWXCvNr5NCCpLZI,TRON: Legacy - The Complete Edition (Original Motion Picture Soundtrack),2010-12-03,31,4csD9dmdLHnarNyu1wG8Iv,Arena,48,0.0,0.0,1.0,spotify:artist:4tZwfgrHOc3mvqYlEYSvVi
146,3AMXFnwHWXCvNr5NCCpLZI,TRON: Legacy - The Complete Edition (Original Motion Picture Soundtrack),2010-12-03,31,6NbukMzsdx888nymIiWKlV,Armory,47,,,,spotify:artist:4tZwfgrHOc3mvqYlEYSvVi
147,3AMXFnwHWXCvNr5NCCpLZI,TRON: Legacy - The Complete Edition (Original Motion Picture Soundtrack),2010-12-03,31,6dooKqgWKBVwQLLarxJPDM,Recognizer,49,0.0,0.0,0.0,spotify:artist:4tZwfgrHOc3mvqYlEYSvVi
148,3AMXFnwHWXCvNr5NCCpLZI,TRON: Legacy - The Complete Edition (Original Motion Picture Soundtrack),2010-12-03,31,3zL0LAsSh3dTO73dSOKWkr,The Son of Flynn,54,0.0,0.0,2.0,spotify:artist:4tZwfgrHOc3mvqYlEYSvVi
149,3AMXFnwHWXCvNr5NCCpLZI,TRON: Legacy - The Complete Edition (Original Motion Picture Soundtrack),2010-12-03,31,2tRWMCijEFsGPDxBgHxHre,The Grid,50,0.0,0.0,1.0,spotify:artist:4tZwfgrHOc3mvqYlEYSvVi
150,3AMXFnwHWXCvNr5NCCpLZI,TRON: Legacy - The Complete Edition (Original Motion Picture Soundtrack),2010-12-03,31,4uXQXq2AH6mAB8gvTzNUab,Overture,49,0.0,1.0,0.0,spotify:artist:4tZwfgrHOc3mvqYlEYSvVi
151,3baT0a6fMPNF9f61ALc9er,TRON: Legacy (Original Soundtrack),2010-12-03,24,0Z9tg5CfbvYbOa32YM0h55,"Outlands, Part II - From ""TRON: Legacy""/Score",0,,,,spotify:artist:4tZwfgrHOc3mvqYlEYSvVi
152,3baT0a6fMPNF9f61ALc9er,TRON: Legacy (Original Soundtrack),2010-12-03,24,4Dluf2HCFM7jnkfOhAAPNN,"Father and Son - From ""TRON: Legacy""/Score",0,,,,spotify:artist:4tZwfgrHOc3mvqYlEYSvVi
153,3baT0a6fMPNF9f61ALc9er,TRON: Legacy (Original Soundtrack),2010-12-03,24,2DVrcijQoJFGwW7yXdmp9Y,"Finale - From ""TRON: Legacy""/Score",0,,,,spotify:artist:4tZwfgrHOc3mvqYlEYSvVi
154,3baT0a6fMPNF9f61ALc9er,TRON: Legacy (Original Soundtrack),2010-12-03,24,33tPQKFvgYsjTTBlvTUvze,"TRON Legacy (End Titles) - From ""TRON: Legacy""/Score",0,,,,spotify:artist:4tZwfgrHOc3mvqYlEYSvVi
155,3baT0a6fMPNF9f61ALc9er,TRON: Legacy (Original Soundtrack),2010-12-03,24,5mh5ihBVfp0LuBZxPUjDlP,"Flynn Lives - From ""TRON: Legacy""/Score",1,,,,spotify:artist:4tZwfgrHOc3mvqYlEYSvVi
156,3baT0a6fMPNF9f61ALc9er,TRON: Legacy (Original Soundtrack),2010-12-03,24,7ALbJK9eM6GVYsfYBR5we9,"Arrival - From ""TRON: Legacy""/Score",1,,,,spotify:artist:4tZwfgrHOc3mvqYlEYSvVi
157,3baT0a6fMPNF9f61ALc9er,TRON: Legacy (Original Soundtrack),2010-12-03,24,1GkmYWBQty0KIGIpSUcKDm,"C.L.U. - From ""TRON: Legacy""/Score",0,,,,spotify:artist:4tZwfgrHOc3mvqYlEYSvVi
158,3baT0a6fMPNF9f61ALc9er,TRON: Legacy (Original Soundtrack),2010-12-03,24,0fLaqB7szaemRuEaObhIYj,"Disc Wars - From ""TRON: Legacy""/Score",0,,,,spotify:artist:4tZwfgrHOc3mvqYlEYSvVi
159,3baT0a6fMPNF9f61ALc9er,TRON: Legacy (Original Soundtrack),2010-12-03,24,5fb9TZeDNu7VvFVLuEHOT1,"Rectifier - From ""TRON: Legacy""/Score",0,,,,spotify:artist:4tZwfgrHOc3mvqYlEYSvVi
160,3baT0a6fMPNF9f61ALc9er,TRON: Legacy (Original Soundtrack),2010-12-03,24,30IWbRmDhSMv7AKtsaCza2,"Solar Sailer - From ""TRON: Legacy""/Score",0,,,,spotify:artist:4tZwfgrHOc3mvqYlEYSvVi
161,3baT0a6fMPNF9f61ALc9er,TRON: Legacy (Original Soundtrack),2010-12-03,24,0vmOjWuywORUOmtH7zqkTh,"Fall - From ""TRON: Legacy""/Score",0,,,,spotify:artist:4tZwfgrHOc3mvqYlEYSvVi
162,3baT0a6fMPNF9f61ALc9er,TRON: Legacy (Original Soundtrack),2010-12-03,24,1VdJCLxcz0n7JYfmlOZGzg,"Derezzed - From ""TRON: Legacy""/Score",0,,,,spotify:artist:4tZwfgrHOc3mvqYlEYSvVi
163,3baT0a6fMPNF9f61ALc9er,TRON: Legacy (Original Soundtrack),2010-12-03,24,2dvAXiSithfdh2ZSnuDq3z,"End of Line - From ""TRON: Legacy""/Score",0,,,,spotify:artist:4tZwfgrHOc3mvqYlEYSvVi
164,3baT0a6fMPNF9f61ALc9er,TRON: Legacy (Original Soundtrack),2010-12-03,24,00RGE6HIkDpHRuOe7euRFt,"Nocturne - From ""TRON: Legacy""/Score",0,,,,spotify:artist:4tZwfgrHOc3mvqYlEYSvVi
165,3baT0a6fMPNF9f61ALc9er,TRON: Legacy (Original Soundtrack),2010-12-03,24,10Hs48Pjj9yDGCX4nrmA82,"Adagio For TRON - From ""TRON: Legacy""/Score",0,,,,spotify:artist:4tZwfgrHOc3mvqYlEYSvVi
166,3baT0a6fMPNF9f61ALc9er,TRON: Legacy (Original Soundtrack),2010-12-03,24,1JK1JR68J4CfouPnCtsTNB,"Outlands - From ""TRON: Legacy""/Score",0,,,,spotify:artist:4tZwfgrHOc3mvqYlEYSvVi
167,3baT0a6fMPNF9f61ALc9er,TRON: Legacy (Original Soundtrack),2010-12-03,24,6zUkSMPpvrMdfShIT9bZze,"The Game Has Changed - From ""TRON: Legacy""/Score",0,,,,spotify:artist:4tZwfgrHOc3mvqYlEYSvVi
168,3baT0a6fMPNF9f61ALc9er,TRON: Legacy (Original Soundtrack),2010-12-03,24,3wbrh5S7ufUxNW3ZXAUA4k,"Rinzler - From ""TRON: Legacy""/Score",0,,,,spotify:artist:4tZwfgrHOc3mvqYlEYSvVi
169,3baT0a6fMPNF9f61ALc9er,TRON: Legacy (Original Soundtrack),2010-12-03,24,4l7UhA23tsTUGt6yleQMmd,"Arena - From ""TRON: Legacy""/Score",0,,,,spotify:artist:4tZwfgrHOc3mvqYlEYSvVi
170,3baT0a6fMPNF9f61ALc9er,TRON: Legacy (Original Soundtrack),2010-12-03,24,7DbX2Toszaq6rQcEQ14NzL,"Armory - From ""TRON: Legacy""/Score",0,,,,spotify:artist:4tZwfgrHOc3mvqYlEYSvVi
171,3baT0a6fMPNF9f61ALc9er,TRON: Legacy (Original Soundtrack),2010-12-03,24,0QPfKEKsIgtKSfuDVkaDHi,"Recognizer - From ""TRON: Legacy""/Score",0,,,,spotify:artist:4tZwfgrHOc3mvqYlEYSvVi
172,3baT0a6fMPNF9f61ALc9er,TRON: Legacy (Original Soundtrack),2010-12-03,24,1vphI7rzZqdZn88Y7zEDTa,"The Son of Flynn - From ""TRON: Legacy""/Score",0,,,,spotify:artist:4tZwfgrHOc3mvqYlEYSvVi
173,3baT0a6fMPNF9f61ALc9er,TRON: Legacy (Original Soundtrack),2010-12-03,24,6X8SkAJoJykm2gpMlBoJT4,"The Grid - From ""TRON: Legacy""/Score",0,,,,spotify:artist:4tZwfgrHOc3mvqYlEYSvVi
174,3baT0a6fMPNF9f61ALc9er,TRON: Legacy (Original Soundtrack),2010-12-03,24,2nyv3x8gaHrVCO2lY7N0d7,"Overture - From ""TRON: Legacy""/Score",0,,,,spotify:artist:4tZwfgrHOc3mvqYlEYSvVi
175,0Rqk4vFDcrB4x6WiKL4UeY,TRON: Legacy Reconfigured (Australian Version),2011-01-01,15,0NB2denNdohoKpmrkPwDsQ,TRON Legacy (End Titles) - Remixed by Sander Kleinenberg,7,,,,spotify:artist:4tZwfgrHOc3mvqYlEYSvVi
176,0Rqk4vFDcrB4x6WiKL4UeY,TRON: Legacy Reconfigured (Australian Version),2011-01-01,15,37blqkiHBQ5wIyfpAc4lTi,Solar Sailer - Remixed by Pretty Lights,8,,,,spotify:artist:4tZwfgrHOc3mvqYlEYSvVi
177,0Rqk4vFDcrB4x6WiKL4UeY,TRON: Legacy Reconfigured (Australian Version),2011-01-01,15,1NofLY2veUIRUFAgPuk8QC,Derezzed - Remixed by Avicii,8,,,,spotify:artist:4tZwfgrHOc3mvqYlEYSvVi
178,0Rqk4vFDcrB4x6WiKL4UeY,TRON: Legacy Reconfigured (Australian Version),2011-01-01,15,61yWslYkKWIOmp4xh0cDqo,Arena - Remixed by The Japanese Popstars,6,,,,spotify:artist:4tZwfgrHOc3mvqYlEYSvVi
179,0Rqk4vFDcrB4x6WiKL4UeY,TRON: Legacy Reconfigured (Australian Version),2011-01-01,15,2THibpJxFZgxXs9p1lPuZe,End of Line (Remixed by Tame Impala),18,,,,spotify:artist:4tZwfgrHOc3mvqYlEYSvVi
180,0Rqk4vFDcrB4x6WiKL4UeY,TRON: Legacy Reconfigured (Australian Version),2011-01-01,15,4UB4JVHGOBmNm2SZ3AtucI,Encom Part 2 - Remixed by Com Truise,7,,,,spotify:artist:4tZwfgrHOc3mvqYlEYSvVi
181,0Rqk4vFDcrB4x6WiKL4UeY,TRON: Legacy Reconfigured (Australian Version),2011-01-01,15,3afK6vllAIKHdbJU26Ba2h,Rinzler - Remixed by Kaskade,8,,,,spotify:artist:4tZwfgrHOc3mvqYlEYSvVi
182,0Rqk4vFDcrB4x6WiKL4UeY,TRON: Legacy Reconfigured (Australian Version),2011-01-01,15,7I3bHCq44GeAqkhHVPdB3z,End of Line - Remixed by Boys Noize,9,,,,spotify:artist:4tZwfgrHOc3mvqYlEYSvVi
183,0Rqk4vFDcrB4x6WiKL4UeY,TRON: Legacy Reconfigured (Australian Version),2011-01-01,15,7IjETJssFUx0UNWFmvMAbo,The Son of Flynn - Remixed by Moby,10,,,,spotify:artist:4tZwfgrHOc3mvqYlEYSvVi
184,0Rqk4vFDcrB4x6WiKL4UeY,TRON: Legacy Reconfigured (Australian Version),2011-01-01,15,6JI88SbF2bPwuvBSy9ugOY,C.L.U. - Remixed by Paul Oakenfold,8,,,,spotify:artist:4tZwfgrHOc3mvqYlEYSvVi
185,0Rqk4vFDcrB4x6WiKL4UeY,TRON: Legacy Reconfigured (Australian Version),2011-01-01,15,4YNymLjLipKMLMI47s6mly,The Son of Flynn - Remixed by Ki:Theory,9,,,,spotify:artist:4tZwfgrHOc3mvqYlEYSvVi
186,0Rqk4vFDcrB4x6WiKL4UeY,TRON: Legacy Reconfigured (Australian Version),2011-01-01,15,2NX3FnVFt2ZRdpfR2S9D4N,Adagio for TRON - Remixed by Teddybears,10,,,,spotify:artist:4tZwfgrHOc3mvqYlEYSvVi
187,0Rqk4vFDcrB4x6WiKL4UeY,TRON: Legacy Reconfigured (Australian Version),2011-01-01,15,01DUXyqzNCGRLzDFUKHqL9,The Grid - Remixed by The Crystal Method,11,,,,spotify:artist:4tZwfgrHOc3mvqYlEYSvVi
188,0Rqk4vFDcrB4x6WiKL4UeY,TRON: Legacy Reconfigured (Australian Version),2011-01-01,15,0nOQG4M0I1ZQQZwObJyypu,Fall - Remixed by M83 VS Big Black Delta,16,,,,spotify:artist:4tZwfgrHOc3mvqYlEYSvVi
189,0Rqk4vFDcrB4x6WiKL4UeY,TRON: Legacy Reconfigured (Australian Version),2011-01-01,15,388Lvca2KrUQE9H7ncsPaR,Derezzed - Remixed by The Glitch Mob,16,,,,spotify:artist:4tZwfgrHOc3mvqYlEYSvVi
190,382ObEPsp2rxGrnsizN5TX,TRON: Legacy Reconfigured,2011-01-01,15,2UBYw2qf9PkvoKQ610ocft,End of Line - Remixed by Photek,41,,,,spotify:artist:4tZwfgrHOc3mvqYlEYSvVi
191,3QbWxiYTlTCLjHYgrgMCfU,Daft Punk | Random Access Memories | The Collaborators,2013-05-14,8,4TgBZlDIwm4kagFvqnw08R,"Episode 8, Paul Williams",18,,,,spotify:artist:4tZwfgrHOc3mvqYlEYSvVi
192,3QbWxiYTlTCLjHYgrgMCfU,Daft Punk | Random Access Memories | The Collaborators,2013-05-14,8,40DD7ZKO1urSddN6HhMfuh,"Episode 7, DJ Falcon",19,,,,spotify:artist:4tZwfgrHOc3mvqYlEYSvVi
193,3QbWxiYTlTCLjHYgrgMCfU,Daft Punk | Random Access Memories | The Collaborators,2013-05-14,8,6TOFKxiVogOtLKEBGMIFX7,"Episode 6, Chilly Gonzales",19,,,,spotify:artist:4tZwfgrHOc3mvqYlEYSvVi
194,3QbWxiYTlTCLjHYgrgMCfU,Daft Punk | Random Access Memories | The Collaborators,2013-05-14,8,4I2apNr2XWqSo2UdEFwUsv,"Episode 5, Panda Bear",20,,,,spotify:artist:4tZwfgrHOc3mvqYlEYSvVi
195,3QbWxiYTlTCLjHYgrgMCfU,Daft Punk | Random Access Memories | The Collaborators,2013-05-14,8,5pZHN9b6KrXlUC5Dt3FA0O,"Episode 4, Pharrell Williams",22,,,,spotify:artist:4tZwfgrHOc3mvqYlEYSvVi
196,3QbWxiYTlTCLjHYgrgMCfU,Daft Punk | Random Access Memories | The Collaborators,2013-05-14,8,2fJp2bDmhG62vlmUpuWjxb,"Episode 3, Nile Rodgers",22,,,,spotify:artist:4tZwfgrHOc3mvqYlEYSvVi
197,3QbWxiYTlTCLjHYgrgMCfU,Daft Punk | Random Access Memories | The Collaborators,2013-05-14,8,3K6HXNtxo1A2eCthCzrwaS,"Episode 2, Todd Edwards",24,,,,spotify:artist:4tZwfgrHOc3mvqYlEYSvVi
198,3QbWxiYTlTCLjHYgrgMCfU,Daft Punk | Random Access Memories | The Collaborators,2013-05-14,8,4l2bO887Yauqos4LwkCwBm,"Episode 1, Giorgio Moroder",29,,,,spotify:artist:4tZwfgrHOc3mvqYlEYSvVi
199,4m2880jivSbbyEGAKfITCa,Random Access Memories,2013-05-17,13,2KHRENHQzTIQ001nlP9Gdc,Contact,55,0.0,0.0,0.0,spotify:artist:4tZwfgrHOc3mvqYlEYSvVi
200,4m2880jivSbbyEGAKfITCa,Random Access Memories,2013-05-17,13,36c4JohayB9qd64eidQMBi,Doin' it Right (feat. Panda Bear),62,,,,spotify:artist:4tZwfgrHOc3mvqYlEYSvVi
201,4m2880jivSbbyEGAKfITCa,Random Access Memories,2013-05-17,13,0IedgQjjJ8Ad4B3UDQ5Lyn,Fragments of Time (feat. Todd Edwards),60,,,,spotify:artist:4tZwfgrHOc3mvqYlEYSvVi
202,4m2880jivSbbyEGAKfITCa,Random Access Memories,2013-05-17,13,79koEJRtKOOGJ0VSAF3FMk,Motherboard,54,0.0,0.0,0.0,spotify:artist:4tZwfgrHOc3mvqYlEYSvVi
203,4m2880jivSbbyEGAKfITCa,Random Access Memories,2013-05-17,13,0k1xMUwn9sb7bZiqdT9ygx,Beyond,57,0.0,0.0,0.0,spotify:artist:4tZwfgrHOc3mvqYlEYSvVi
204,4m2880jivSbbyEGAKfITCa,Random Access Memories,2013-05-17,13,69kOkLUCkxIZYexIgSG8rq,Get Lucky (feat. Pharrell Williams & Nile Rodgers),75,,,,spotify:artist:4tZwfgrHOc3mvqYlEYSvVi
205,4m2880jivSbbyEGAKfITCa,Random Access Memories,2013-05-17,13,7oaEjLP2dTJLJsITbAxTOz,Touch (feat. Paul Williams),60,,,,spotify:artist:4tZwfgrHOc3mvqYlEYSvVi
206,4m2880jivSbbyEGAKfITCa,Random Access Memories,2013-05-17,13,5CMjjywI0eZMixPeqNd75R,Lose Yourself to Dance (feat. Pharrell Williams),70,,,,spotify:artist:4tZwfgrHOc3mvqYlEYSvVi
207,4m2880jivSbbyEGAKfITCa,Random Access Memories,2013-05-17,13,2cGxRwrMyEAp8dEbuZaVv6,Instant Crush (feat. Julian Casablancas),77,,,,spotify:artist:4tZwfgrHOc3mvqYlEYSvVi
208,4m2880jivSbbyEGAKfITCa,Random Access Memories,2013-05-17,13,7Bxv0WL7UC6WwQpk9TzdMJ,Within,60,0.0,0.0,0.0,spotify:artist:4tZwfgrHOc3mvqYlEYSvVi
209,4m2880jivSbbyEGAKfITCa,Random Access Memories,2013-05-17,13,0oks4FnzhNp5QPTZtoet7c,Giorgio by Moroder,65,0.0,0.0,0.0,spotify:artist:4tZwfgrHOc3mvqYlEYSvVi
210,4m2880jivSbbyEGAKfITCa,Random Access Memories,2013-05-17,13,3ctALmweZBapfBdFiIVpji,The Game of Love,59,0.0,0.0,0.0,spotify:artist:4tZwfgrHOc3mvqYlEYSvVi
211,4m2880jivSbbyEGAKfITCa,Random Access Memories,2013-05-17,13,0dEIca2nhcxDUV8C5QkPYb,Give Life Back to Music,62,0.0,0.0,0.0,spotify:artist:4tZwfgrHOc3mvqYlEYSvVi
