id,name,release_date,total_tracks,artist_uri
7kkopGL8qBX9KNQu88tH2y,'74 Jailbreak,1984-10-15,5,spotify:artist:711MCceyCBcFnzjGY4Q7Un
1Rz3Q2PIhrCs21itNShUxB,Shot In The Dark,2020-10-07,1,spotify:artist:711MCceyCBcFnzjGY4Q7Un
4s6UkDgz073CrsXH931iSQ,Realize,2020-11-11,1,spotify:artist:711MCceyCBcFnzjGY4Q7Un
19AUoKWRAaQYrggVvdQnqq,High Voltage,1976-05-14,9,spotify:artist:711MCceyCBcFnzjGY4Q7Un
76mvVgXOde87B9aOzLXCOI,Dirty Deeds Done Dirt Cheap,1976-09-20,9,spotify:artist:711MCceyCBcFnzjGY4Q7Un
3JwFNl80WWeXPiKEjIFbqa,Let There Be Rock,1977-03-21,8,spotify:artist:711MCceyCBcFnzjGY4Q7Un
4iMaHsHqTg3rwOtRa5wEbm,Powerage,1978-05-05,9,spotify:artist:711MCceyCBcFnzjGY4Q7Un
38MklVAM0DEnMCLucNckDD,If You Want Blood You've Got It (Live),1978-10-13,10,spotify:artist:711MCceyCBcFnzjGY4Q7Un
10v912xgTZbjAtYfyKWJCS,Highway to Hell,1979-07-27,10,spotify:artist:711MCceyCBcFnzjGY4Q7Un
6mUdeDZCsExyJLMdAfDuwh,Back In Black,1980-07-25,10,spotify:artist:711MCceyCBcFnzjGY4Q7Un
7DUvURQ0wfA1kgG8j99frR,For Those About to Rock (We Salute You),1981-11-23,10,spotify:artist:711MCceyCBcFnzjGY4Q7Un
0ZD2tIjWo9fwzPndZ04wDY,Flick of the Switch,1983-08-15,10,spotify:artist:711MCceyCBcFnzjGY4Q7Un
0rOXa1wPbBrCNl6knMyDBW,Fly On the Wall,1985-06-28,10,spotify:artist:711MCceyCBcFnzjGY4Q7Un
07EFoHHspqSwsmkbnWaB4A,Who Made Who,1986-05-24,9,spotify:artist:711MCceyCBcFnzjGY4Q7Un
5jfgUmvXCar7Qf5lidVkqI,Blow Up Your Video,1988-02-01,10,spotify:artist:711MCceyCBcFnzjGY4Q7Un
4vu7F6h90Br1ZtYYaqfITy,The Razors Edge,1990-09-24,12,spotify:artist:711MCceyCBcFnzjGY4Q7Un
6jOO0YHvuHP4UkJuDpcAoz,Live (Collector's Edition),1992-10-27,23,spotify:artist:711MCceyCBcFnzjGY4Q7Un
1dmBXO2zmCbsf8qAicqbs0,Live,1992-10-27,14,spotify:artist:711MCceyCBcFnzjGY4Q7Un
1zXYNAA57WJ33GgZJHchhX,Ballbreaker,1995-09-22,11,spotify:artist:711MCceyCBcFnzjGY4Q7Un
5JPVHEB67TREre4Q8JOfCQ,Stiff Upper Lip,2000-02-25,12,spotify:artist:711MCceyCBcFnzjGY4Q7Un
7qVfz4UGONwEd5nQjj0ESN,Black Ice,2008-10-20,15,spotify:artist:711MCceyCBcFnzjGY4Q7Un
4H6JMsvxmh0U7VBYiWiyLa,Live at River Plate,2012-11-19,19,spotify:artist:711MCceyCBcFnzjGY4Q7Un
6OwvO40ahugJE5PH4TjqTg,Rock or Bust,2014-11-28,11,spotify:artist:711MCceyCBcFnzjGY4Q7Un
3bTNxJYk2bwdWBMtrjBxb0,POWER UP,2020-11-13,12,spotify:artist:711MCceyCBcFnzjGY4Q7Un
7G1zMXNScx1g7XxJ4k3eXb,Trois heures vingt (Remastered),1984,1,spotify:artist:4S9EykWXhStSc15wEx8QFK
0H4cU1xQLBkKygjuao7YHR,My Heart Will Go On,1996,4,spotify:artist:4S9EykWXhStSc15wEx8QFK
5NuiN7WpVUjFBbp6Ci5sk4,Treat Her Like A Lady,1999-01-07,3,spotify:artist:4S9EykWXhStSc15wEx8QFK
72TJwF3INrFkHgEgDxboFv,That's The Way It Is,1999-02-02,3,spotify:artist:4S9EykWXhStSc15wEx8QFK
0Kt8ZxWVumqtDowQkNFJTU,Live (For The One I Love),2000-02-21,3,spotify:artist:4S9EykWXhStSc15wEx8QFK
2XfUDADP9Y4GqaJJ9VuSzG,I Want You To Need Me,2000-06-12,2,spotify:artist:4S9EykWXhStSc15wEx8QFK
3lQpLDA3eTInn3AMjeNnWs,I'm Alive,2002-08-05,2,spotify:artist:4S9EykWXhStSc15wEx8QFK
0WbeZ1QztFB5VaYinwrfee,Goodbye's (The Saddest Word),2002-11-11,2,spotify:artist:4S9EykWXhStSc15wEx8QFK
44trgnGE6ktaAV0yeq0fwm,I Drove All Night,2003-02-26,2,spotify:artist:4S9EykWXhStSc15wEx8QFK
1I3z8T799AqLAtgoMcgpuc,Tout l'or des hommes,2003-09-15,3,spotify:artist:4S9EykWXhStSc15wEx8QFK
2PC9ZJHZHdBBHNXqqUzaO4,Et je t'aime encore,2004-02-11,3,spotify:artist:4S9EykWXhStSc15wEx8QFK
4QAvIQwr9SqHOxAnUXPDzd,You And I,2004-06-07,1,spotify:artist:4S9EykWXhStSc15wEx8QFK
7AokUtCBRENNbWXq1RtD25,Je Ne Vous Oublie Pas,2005,3,spotify:artist:4S9EykWXhStSc15wEx8QFK
10W3cLUq593y6jXruLXHaP,Je ne vous oublie pas (inédit),2005-08-02,1,spotify:artist:4S9EykWXhStSc15wEx8QFK
1rgvn46Cz9CoE964R3LV0W,Tous les secrets de ton coeur (inédit),2005-08-12,1,spotify:artist:4S9EykWXhStSc15wEx8QFK
6HwnsPGOyB9NKX30Bl5yQx,Tous les secrets,2005-10-24,1,spotify:artist:4S9EykWXhStSc15wEx8QFK
7nMoxj7psY4cs5OdAsmv9y,I Believe In You (Je Crois En Toi),2005-11-04,2,spotify:artist:4S9EykWXhStSc15wEx8QFK
1eU2ephnPauZY1umMdMHNw,The Prayer (LIVE Duet with Josh Groban),2008-02-12,1,spotify:artist:4S9EykWXhStSc15wEx8QFK
6jxaYJtWSXcwYm9PBOfTgN,My Love (Radio Version),2008-09-19,1,spotify:artist:4S9EykWXhStSc15wEx8QFK
2NAyYDHfiPUE3Cnm5TB0BF,My Love,2008-10-17,2,spotify:artist:4S9EykWXhStSc15wEx8QFK
14EHmK5acVrPKQQQVL0HWw,Parler à mon père,2012-07-02,1,spotify:artist:4S9EykWXhStSc15wEx8QFK
0cSx7jMNxBkkiWzmWngoGs,Incredible feat. Ne-Yo,2014-02-14,3,spotify:artist:4S9EykWXhStSc15wEx8QFK
1uXqxUxfGOU1uIYDMy5UsC,L'hymne,2015-08-19,1,spotify:artist:4S9EykWXhStSc15wEx8QFK
4bhVWIAadLhNEU7PkjZOkR,Hymn,2016-02-05,1,spotify:artist:4S9EykWXhStSc15wEx8QFK
2h4pqmzknVJoT0izEJFluU,The Show Must Go On (feat. Lindsey Stirling),2016-05-20,1,spotify:artist:4S9EykWXhStSc15wEx8QFK
7MTY9RLcgaFHQypZ4bAP5k,Encore un soir (Radio Edit),2016-05-24,1,spotify:artist:4S9EykWXhStSc15wEx8QFK
6mVwTXNFp23BWUZW848DtU,Recovering,2016-09-09,1,spotify:artist:4S9EykWXhStSc15wEx8QFK
3NrXBJmXedum2g4vKr3d9y,"Ashes (from ""Deadpool 2"" Motion Picture Soundtrack)",2018-05-03,1,spotify:artist:4S9EykWXhStSc15wEx8QFK
1J3Gw2bzdn46a9WqTeGUHT,Ashes (Steve Aoki Deadpool Demix),2018-05-25,1,spotify:artist:4S9EykWXhStSc15wEx8QFK
6tMvm6eA28sLVrE5OAy6UB,Ashes (Riddler Remix Radio Edit),2018-08-03,1,spotify:artist:4S9EykWXhStSc15wEx8QFK
75NlsPKPsFKYw5fVM5cNYg,Ashes (Riddler Extended Remix),2018-08-03,1,spotify:artist:4S9EykWXhStSc15wEx8QFK
3Ecy5ljZBWwrmhWtZlQFLt,Flying On My Own (Live from Las Vegas),2019-06-09,1,spotify:artist:4S9EykWXhStSc15wEx8QFK
5C3n1F6wGdVtWLH435EwMk,Flying On My Own + Dave Audé Remix,2019-06-28,2,spotify:artist:4S9EykWXhStSc15wEx8QFK
55Dpn1pAsrqJGWL6YAK8Vv,Flying On My Own (Dave Audé Remix),2019-09-27,1,spotify:artist:4S9EykWXhStSc15wEx8QFK
3VczLuinCCxqSu9BXy4TCI,Soul (Japanese Bonus Track),2019-11-14,1,spotify:artist:4S9EykWXhStSc15wEx8QFK
3CtjXkvmvOyiSld7yBZkJ2,Spotify Singles,2020-02-26,2,spotify:artist:4S9EykWXhStSc15wEx8QFK
3Gc6kXiuACCXzuozrbA1C4,Incognito,1987-04-02,8,spotify:artist:4S9EykWXhStSc15wEx8QFK
49EPttda3a1RZ898xSR8Ox,Unison,1990-09-01,10,spotify:artist:4S9EykWXhStSc15wEx8QFK
1HLK0f4etPQZkAxF12VJhE,Dion Chante Plamondon - Celine Dion Sings The Songs Of Luc Plamondon,1991,10,spotify:artist:4S9EykWXhStSc15wEx8QFK
7lflIQ09PJP1deAgDBEVAu,Dion chante Plamondon - Celine Dion Sings the Songs of Luc Plamondon,1991-11-04,12,spotify:artist:4S9EykWXhStSc15wEx8QFK
5RAqVq2oZBnKlducPGAty2,Des mots qui sonnent,1991-11-04,12,spotify:artist:4S9EykWXhStSc15wEx8QFK
7C6LFxLn63uasNoDIQ5khO,Celine Dion,1992-03-30,15,spotify:artist:4S9EykWXhStSc15wEx8QFK
6Po5zdKMIH5Xk99vjXyQpC,The Colour Of My Love,1993-11-09,15,spotify:artist:4S9EykWXhStSc15wEx8QFK
3RXluxSQKwGlpWpEfZnHUV,A L'Olympia,1994-11-21,13,spotify:artist:4S9EykWXhStSc15wEx8QFK
0DdTKXdgMLcSqccdyj6D9p,D'Eux,1995-03-27,12,spotify:artist:4S9EykWXhStSc15wEx8QFK
5taAJI6sDNLwzvGSbp6p3Q,The French Album,1995-03-30,12,spotify:artist:4S9EykWXhStSc15wEx8QFK
2vk0n8aeQSO74VtQBbNDPR,Falling into You,1996-03-11,16,spotify:artist:4S9EykWXhStSc15wEx8QFK
0mXmpNs70razpUGj8NEu4u,Live à Paris,1996-10-15,15,spotify:artist:4S9EykWXhStSc15wEx8QFK
1tfS7Fo1UtAxQSf256fnYs,Let's Talk About Love,1997-11-14,16,spotify:artist:4S9EykWXhStSc15wEx8QFK
14GKp6GNpP9jL7g98QTxsY,S'il Suffisait D'aimer,1998-09-07,12,spotify:artist:4S9EykWXhStSc15wEx8QFK
5k27z7TrQn2O0mKMoiwHzN,These are Special Times,1998-10-30,16,spotify:artist:4S9EykWXhStSc15wEx8QFK
5bfq0NK24S9MHFE6VFoQRN,Au coeur du stade,1999,11,spotify:artist:4S9EykWXhStSc15wEx8QFK
24AcrWysFgOsNpdFWBCv3m,Au Coeur Du Stade (Live),1999-08-27,11,spotify:artist:4S9EykWXhStSc15wEx8QFK
1YQ5V21NSxR9ZauQ3RUbfZ,A New Day Has Come,2002-03-22,17,spotify:artist:4S9EykWXhStSc15wEx8QFK
1H4QtgObVxPXea86RvJgv9,One Heart,2003-03-24,14,spotify:artist:4S9EykWXhStSc15wEx8QFK
643O7yYAULtkOcq6C44c1I,1 fille & 4 types,2003-10-13,13,spotify:artist:4S9EykWXhStSc15wEx8QFK
0DCrLB20ycYZlBzTXX2AuM,A New Day...Live In Las Vegas,2004-06-14,16,spotify:artist:4S9EykWXhStSc15wEx8QFK
26wXXszmho7np4Ug6Aw4Ml,Miracle,2004-10-11,13,spotify:artist:4S9EykWXhStSc15wEx8QFK
5Ynap0f3PJfy2S7eDA2c6t,D'elles,2007,13,spotify:artist:4S9EykWXhStSc15wEx8QFK
4qarlnAc2Iya4aIbd8anzv,Taking Chances,2007-11-01,16,spotify:artist:4S9EykWXhStSc15wEx8QFK
37ICUPxaW3OKpvSiD65eXm,Taking Chances (Deluxe Edition),2007-11-07,19,spotify:artist:4S9EykWXhStSc15wEx8QFK
6sbzkeIruRp2HRPldpN6g0,Taking Chances World Tour THE CONCERT (Live),2008,19,spotify:artist:4S9EykWXhStSc15wEx8QFK
4Qr1bJCgy0jHXxMXau7bSR,La Tournée Mondiale Taking Chances LE SPECTACLE,2010-04-29,17,spotify:artist:4S9EykWXhStSc15wEx8QFK
5Bhg6j1NBTSRyGcQ3lxF3m,Sans attendre,2012-11-05,14,spotify:artist:4S9EykWXhStSc15wEx8QFK
6CQJH4ALFcpQBgSmsFoOrS,Loved Me Back to Life,2013-11-01,16,spotify:artist:4S9EykWXhStSc15wEx8QFK
7Ek9Es4B8AucqFfDTFA6LL,Céline... Une seule fois / Live 2013,2014-05-16,28,spotify:artist:4S9EykWXhStSc15wEx8QFK
34ojCO0ZiLZwJlUFXuGx9R,Encore un soir (Deluxe Edition),2016-08-26,15,spotify:artist:4S9EykWXhStSc15wEx8QFK
5Oqp1x2xqJQxJgV66jn992,Encore un soir,2016-08-26,12,spotify:artist:4S9EykWXhStSc15wEx8QFK
0mqNgHFh1NYaxmlMS5IeGc,Courage (Deluxe Edition),2019-11-15,20,spotify:artist:4S9EykWXhStSc15wEx8QFK
5Ak1sEcGD43oMumwLuPWgl,Courage,2019-11-15,21,spotify:artist:4S9EykWXhStSc15wEx8QFK
0G41K3cto53eBIEW9MhO2K,Rock and Roll (Alternate Mix),1972-02-21,1,spotify:artist:36QJpDe2go2KgaRleHCDTp
3ycjBixZf7S3WpC5WZhhUK,Led Zeppelin,1969-01-12,9,spotify:artist:36QJpDe2go2KgaRleHCDTp
1J8QW9qsMLx3staWaHpQmU,Led Zeppelin (Remaster),1969-01-12,9,spotify:artist:36QJpDe2go2KgaRleHCDTp
22BzOOZKYZ2jYYKLpOlnET,Led Zeppelin (Deluxe Edition),1969-01-12,17,spotify:artist:36QJpDe2go2KgaRleHCDTp
70lQYZtypdCALtFVlQAcvx,Led Zeppelin II (1994 Remaster),1969-10-22,9,spotify:artist:36QJpDe2go2KgaRleHCDTp
58MQ0PLijVHePUonQlK76Y,Led Zeppelin II (Remaster),1969-10-22,9,spotify:artist:36QJpDe2go2KgaRleHCDTp
58N1RPC3B4mRkjBaug4u3X,Led Zeppelin II (Deluxe Edition),1969-10-22,17,spotify:artist:36QJpDe2go2KgaRleHCDTp
6P5QHz4XtxOmS5EuiGIPut,Led Zeppelin III (Remaster),1970,10,spotify:artist:36QJpDe2go2KgaRleHCDTp
3EaQYGDFE96xbOPxkJNXfX,Led Zeppelin III (Deluxe Edition),1970-10-05,19,spotify:artist:36QJpDe2go2KgaRleHCDTp
5EyIDBAqhnlkAHqvPRwdbX,Led Zeppelin IV (Remaster),1971-11-08,8,spotify:artist:36QJpDe2go2KgaRleHCDTp
44Ig8dzqOkvkGDzaUof9lK,Led Zeppelin IV (Deluxe Edition),1971-11-08,16,spotify:artist:36QJpDe2go2KgaRleHCDTp
0GqpoHJREPp0iuXK3HzrHk,Houses of the Holy (Remaster),1973-03-28,8,spotify:artist:36QJpDe2go2KgaRleHCDTp
7gS8ozSkvPW3VBPLnXOZ7S,Houses of the Holy (Deluxe Edition),1973-03-28,15,spotify:artist:36QJpDe2go2KgaRleHCDTp
0ovKDDAHiTwg4AEjKdgdWo,Physical Graffiti (1994 Remaster),1975-02-24,15,spotify:artist:36QJpDe2go2KgaRleHCDTp
4Q7cPyiP8cMIlUEHAqeYfd,Physical Graffiti (Remaster),1975-02-24,15,spotify:artist:36QJpDe2go2KgaRleHCDTp
3uhD8hNpb0m3iIZ18RHH5u,Presence (Remaster),1976-03-31,7,spotify:artist:36QJpDe2go2KgaRleHCDTp
6vSiY2OVanKKforfEOT2PD,Presence (Deluxe Edition),1976-03-31,12,spotify:artist:36QJpDe2go2KgaRleHCDTp
0ui4S0TZghkf1d1Wz0oWpk,The Song Remains the Same (Remaster),1976-10-22,15,spotify:artist:36QJpDe2go2KgaRleHCDTp
1W5CtQ7Ng0kP3lXyz7PIT2,In Through the out Door (Remaster),1979-08-15,7,spotify:artist:36QJpDe2go2KgaRleHCDTp
1jCYuXr0Ujke24z1ymBr5U,In Through the out Door (Deluxe Edition),1979-08-15,14,spotify:artist:36QJpDe2go2KgaRleHCDTp
228mANuRrV20jS5DCA0eER,Coda (Remaster),1982-11-19,8,spotify:artist:36QJpDe2go2KgaRleHCDTp
56G9UnPmRifbubzPDJfAyd,Coda (Deluxe Edition),1982-11-19,23,spotify:artist:36QJpDe2go2KgaRleHCDTp
3otvl9PN3kOgk5uwAh1CBL,How the West Was Won (Remaster),2003-05-27,18,spotify:artist:36QJpDe2go2KgaRleHCDTp
4wExFfncaUIqSgoxnqa3Eh,Mothership (Remastered),2007,24,spotify:artist:36QJpDe2go2KgaRleHCDTp
0kTe1sQd9yhDsdG2Zth7X6,Celebration Day,2012-11-19,16,spotify:artist:36QJpDe2go2KgaRleHCDTp
23FJTTzUIUjhmimOE2CTX2,Physical Graffiti (Deluxe Edition),2015-02-24,22,spotify:artist:36QJpDe2go2KgaRleHCDTp
6VH2op0GKIl3WNTbZmmcmI,The Complete BBC Sessions (Remastered),2016-09-16,33,spotify:artist:36QJpDe2go2KgaRleHCDTp
2qmMKmWqpPbsd6dKrZXgSV,Like A Prayer,1989-03-03,10,spotify:artist:6tbjWDEIzxoDsBA1FuhfPW
6v75OtLW4MZxCu035LAopd,Express Yourself,1989-05-09,5,spotify:artist:6tbjWDEIzxoDsBA1FuhfPW
4TOE2rwaoCsdIgtGlQmsnX,Vogue,1990-03-27,4,spotify:artist:6tbjWDEIzxoDsBA1FuhfPW
4DtgrHFbc3pRaJM4lYqsbj,Hanky Panky,1990-06-12,3,spotify:artist:6tbjWDEIzxoDsBA1FuhfPW
6hnVD2WBhQjQuYLdcH2WMl,Justify My Love (Remixes),1990-11-06,6,spotify:artist:6tbjWDEIzxoDsBA1FuhfPW
3FqRjNzMnREFSHX9Rd5Ka1,Rescue Me,1991-02-23,7,spotify:artist:6tbjWDEIzxoDsBA1FuhfPW
6HiwGptN8u6XPciphlVZDE,Secret,1994-09-27,6,spotify:artist:6tbjWDEIzxoDsBA1FuhfPW
66jiacwY9wcCQEvxGWDUO3,Take a Bow,1994-10-25,8,spotify:artist:6tbjWDEIzxoDsBA1FuhfPW
6A1Yzf6A83MsA2CnjavydR,Bedtime Story,1995-02-03,15,spotify:artist:6tbjWDEIzxoDsBA1FuhfPW
3OAw816UuijpkZpZpZ10a1,Human Nature,1995-07-28,9,spotify:artist:6tbjWDEIzxoDsBA1FuhfPW
6Eaw4TN2fuJ3WVicI7Rme1,Don't Cry For Me Argentina,1996,9,spotify:artist:6tbjWDEIzxoDsBA1FuhfPW
6ruadXtOpvmpvp2eXtlUR7,Beautiful Stranger,1999-05-19,5,spotify:artist:6tbjWDEIzxoDsBA1FuhfPW
387uL7LCtyfUPuUxKvxycI,American Pie,2000-02-28,7,spotify:artist:6tbjWDEIzxoDsBA1FuhfPW
6cgRb7tNa1Mz5hPvDTP45K,Music (Remixes),2000-08-21,9,spotify:artist:6tbjWDEIzxoDsBA1FuhfPW
2uibNarDUAIjm4ukscPxAu,What It Feels Like For A Girl,2001-04-16,12,spotify:artist:6tbjWDEIzxoDsBA1FuhfPW
0yzonkRITawCe3VIGuV9Vc,Hung Up,2005-11-04,3,spotify:artist:6tbjWDEIzxoDsBA1FuhfPW
1qkaJ1vxfstl7mm11T7mhl,Hung Up (DJ Version),2005-12-20,5,spotify:artist:6tbjWDEIzxoDsBA1FuhfPW
3YDXdv9C5RMyGYsSHfI4DG,Sorry (DJ Version),2006-02-13,5,spotify:artist:6tbjWDEIzxoDsBA1FuhfPW
0nrQh6pPEKvoHOwaPOdPzI,Sorry,2006-02-13,3,spotify:artist:6tbjWDEIzxoDsBA1FuhfPW
5jxl4Qh7npYxPK9N9sJG3K,Get Together,2006-05-30,6,spotify:artist:6tbjWDEIzxoDsBA1FuhfPW
7q7PLcuIYQnA7hD2zeJeRq,Jump,2006-10-30,3,spotify:artist:6tbjWDEIzxoDsBA1FuhfPW
1RmFi3anw4bqCBXdgQ3YAr,Hey You,2007-05-24,1,spotify:artist:6tbjWDEIzxoDsBA1FuhfPW
7I0rECsYJ9oIPK7ZNZ5KLK,4 Minutes (Timbaland's Mobile Underground Remix),2008-04-14,1,spotify:artist:6tbjWDEIzxoDsBA1FuhfPW
4zVZlOTldHWq7tVEx8X1lW,Give It 2 Me (Vodafone Exclusive),2008-04-23,1,spotify:artist:6tbjWDEIzxoDsBA1FuhfPW
0tgtj6L13BQsnhbcQgqXg9,Miles Away - The Remixes,2009-08-11,9,spotify:artist:6tbjWDEIzxoDsBA1FuhfPW
7lZWWTmPVDhlh8qBhIvGEf,Give It 2 Me - The Remixes,2009-08-11,16,spotify:artist:6tbjWDEIzxoDsBA1FuhfPW
4L8ene0shmVyjUsz35rPke,4 Minutes (The Remixes),2009-08-11,9,spotify:artist:6tbjWDEIzxoDsBA1FuhfPW
1JM93iD1h1qqyKKPUWoWRq,Celebration,2009-08-18,6,spotify:artist:6tbjWDEIzxoDsBA1FuhfPW
0Y7V6neKqxpC3cHMDp63iB,Celebration (Int'l DMD Maxi),2009-08-25,6,spotify:artist:6tbjWDEIzxoDsBA1FuhfPW
4NqrZIcCx4KlKQ6OctpxzD,Celebration (feat. Akon),2009-11-13,1,spotify:artist:6tbjWDEIzxoDsBA1FuhfPW
4FnBBsv3qZgaQ4MpVS8qPf,Revolver,2009-12-25,8,spotify:artist:6tbjWDEIzxoDsBA1FuhfPW
2B1SVKCjIWNNDqUkI4ym0n,Turn Up The Radio (Remixes),2012-01-01,4,spotify:artist:6tbjWDEIzxoDsBA1FuhfPW
6Ue4rflyxox5BmSRWQvmHK,Superstar,2012-01-01,2,spotify:artist:6tbjWDEIzxoDsBA1FuhfPW
52JTDppeJPcbVLGWMMB9jm,Give Me All Your Luvin' (Remixes),2012-01-01,6,spotify:artist:6tbjWDEIzxoDsBA1FuhfPW
22bj9UFbXluQmAX3ENDX87,Girl Gone Wild (Remixes),2012-01-01,8,spotify:artist:6tbjWDEIzxoDsBA1FuhfPW
1pDnwVfEcE5vuIgkd5dPjr,Living For Love (Remixes),2015-02-09,7,spotify:artist:6tbjWDEIzxoDsBA1FuhfPW
7AKfd34BckSA1OJP5AOSOl,Ghosttown (Remixes),2015-03-13,10,spotify:artist:6tbjWDEIzxoDsBA1FuhfPW
7cgUNpJ7nI2gTH4z8TZ5mA,Bitch I'm Madonna (The Remixes),2015-06-15,10,spotify:artist:6tbjWDEIzxoDsBA1FuhfPW
5z3jbW3dDjJCf1e5IB1JyP,"Madonna at Live Aid (Live at John F. Kennedy Stadium, 13th July 1985)",2018,2,spotify:artist:6tbjWDEIzxoDsBA1FuhfPW
106SyrCt4mxTIyeXDF9Tgg,Medellín (Remixes),2019-05-09,2,spotify:artist:6tbjWDEIzxoDsBA1FuhfPW
7tgIW2zpUkGwgiMMAIvDRx,Medellín (Remixes Pt. 2),2019-05-09,5,spotify:artist:6tbjWDEIzxoDsBA1FuhfPW
21zIrMmwXX4gkFvd43Af69,I Rise (Tracy Young Remixes),2019-07-19,3,spotify:artist:6tbjWDEIzxoDsBA1FuhfPW
36WH4GlECwBUlIQMPkfhw5,Crave (MNEK Remix),2019-08-02,1,spotify:artist:6tbjWDEIzxoDsBA1FuhfPW
0qlNaAEsBhFeHiW56rBTCc,I Rise (Remixes),2019-08-16,6,spotify:artist:6tbjWDEIzxoDsBA1FuhfPW
5ZiBya8VJVqVTMhdq2FyZT,Crave (Remixes Pt. 1),2019-10-25,8,spotify:artist:6tbjWDEIzxoDsBA1FuhfPW
7v2PNdxthB9Z5TBIMVLuPK,Crave (Remixes Pt. 2),2019-11-15,5,spotify:artist:6tbjWDEIzxoDsBA1FuhfPW
5OwbgqJt6vfawfOz0Z61Jy,I Don’t Search I Find (Honey Dijon Remix),2019-12-06,3,spotify:artist:6tbjWDEIzxoDsBA1FuhfPW
6pg3pV8ZoWKjy5fWJYFA18,I Don’t Search I Find (Remixes),2020-05-01,5,spotify:artist:6tbjWDEIzxoDsBA1FuhfPW
2GAIUdfLIFtxDty42RowjE,Frozen,2021-12-03,1,spotify:artist:6tbjWDEIzxoDsBA1FuhfPW
2W8p1cjyw4IOMLQXhiAdiF,Frozen (Fireboy DML Remix),2022-03-03,2,spotify:artist:6tbjWDEIzxoDsBA1FuhfPW
78zdwUAgBJyjPjwYAMSUDD,Frozen (feat. 070 Shake),2022-03-31,2,spotify:artist:6tbjWDEIzxoDsBA1FuhfPW
7CglWjC8A5ve6TnUMvEFOt,Into The Groove (You Can Dance Remix Edit) [2022 Remaster],2022-05-04,1,spotify:artist:6tbjWDEIzxoDsBA1FuhfPW
1tigrws32UpX26xU9Y3Yac,Frozen On Fire,2022-05-19,2,spotify:artist:6tbjWDEIzxoDsBA1FuhfPW
5uOm3AdZVi0h7E8ockI3KG,Deeper And Deeper (David's Radio Edit) [2022 Remaster],2022-05-26,1,spotify:artist:6tbjWDEIzxoDsBA1FuhfPW
4ogQUrPxmM1ZP2QPUn0KNe,Ray Of Light (Sasha Ultra Violet Mix Edit) [2022 Remaster],2022-06-17,1,spotify:artist:6tbjWDEIzxoDsBA1FuhfPW
73Eazm3PYuHZVx0UN4VTA5,"Holiday (7"" Version) [2022 Remaster]",2022-07-22,1,spotify:artist:6tbjWDEIzxoDsBA1FuhfPW
4xm2wzhAU05Y4dEdj1BO5J,BREAK MY SOUL (THE QUEENS REMIX),2022-07-26,1,spotify:artist:6tbjWDEIzxoDsBA1FuhfPW
2EtpB2v91mvhPg0Dw1uPGZ,Impressive Instant (Peter Rauhofer's Universal Radio Mixshow Mix) [2022 Remaster],2022-07-29,1,spotify:artist:6tbjWDEIzxoDsBA1FuhfPW
5ZNsICoQ9yvOS1CbsFGJ2j,MATERIAL GWORRLLLLLLLL!,2022-08-05,1,spotify:artist:6tbjWDEIzxoDsBA1FuhfPW
0lJ8KgNF2nzGoCv2yfrBxQ,Hung Up on Tokischa,2022-09-16,1,spotify:artist:6tbjWDEIzxoDsBA1FuhfPW
6hJ3zWCre9oDMWcU7rNQWJ,Everybody,2022-10-06,2,spotify:artist:6tbjWDEIzxoDsBA1FuhfPW
6pnsoVpYCGQxaNfPp2T6Tm,Deeper and Deeper,2022-10-28,12,spotify:artist:6tbjWDEIzxoDsBA1FuhfPW
34lLCurEgslEssUG7yGfZA,Bye Bye Baby,2022-12-02,8,spotify:artist:6tbjWDEIzxoDsBA1FuhfPW
5TjtrH6PXqeQJ0k67dKv5Y,Gambler,2022-12-09,3,spotify:artist:6tbjWDEIzxoDsBA1FuhfPW
2gDxombRu8s5Acs8EPKpqt,Back That Up To The Beat,2022-12-30,2,spotify:artist:6tbjWDEIzxoDsBA1FuhfPW
5lrlWKjNY0eTDXp9Bd3LpW,Madonna (Reissue),1983-07-27,10,spotify:artist:6tbjWDEIzxoDsBA1FuhfPW
1DWWb4Q39mp1T3NgyscowF,Madonna,1983-07-27,8,spotify:artist:6tbjWDEIzxoDsBA1FuhfPW
2IU9ftOgyRL2caQGWK1jjX,Like a Virgin (Reissue),1984-11-12,11,spotify:artist:6tbjWDEIzxoDsBA1FuhfPW
6fmnT17jc2Sc69q3nza1eD,True Blue (Reissue),1986-06-30,11,spotify:artist:6tbjWDEIzxoDsBA1FuhfPW
4pYtUG3hXNEODkfczBmiq1,Tokyo 1987,1987,15,spotify:artist:6tbjWDEIzxoDsBA1FuhfPW
21vHnROXDZY51gJxsjTLXZ,Who's That Girl Soundtrack,1987-07-21,9,spotify:artist:6tbjWDEIzxoDsBA1FuhfPW
4v64E5FHagFkoflsjzfGRu,Early Years,1989-01-01,17,spotify:artist:6tbjWDEIzxoDsBA1FuhfPW
48AGkmM7iO4jrELRnNZGPV,Like a Prayer,1989-03-21,11,spotify:artist:6tbjWDEIzxoDsBA1FuhfPW
38nngL1nidjNYdHvJ3xJED,I'm Breathless,1990-03-22,12,spotify:artist:6tbjWDEIzxoDsBA1FuhfPW
2QjCLLlSs1k7YVEWZ0moCV,Erotica,1992-10-20,13,spotify:artist:6tbjWDEIzxoDsBA1FuhfPW
1a2NoE9makqEWb1uUogxFQ,Erotica (PA Version),1992-10-20,14,spotify:artist:6tbjWDEIzxoDsBA1FuhfPW
1saoZHjleM0tAQQoCvpMrB,Bedtime Stories,1994-10-25,11,spotify:artist:6tbjWDEIzxoDsBA1FuhfPW
7FEyjOwZ7Hjvtb92GjM286,Evita: The Complete Motion Picture Music Soundtrack,1996-10-25,31,spotify:artist:6tbjWDEIzxoDsBA1FuhfPW
6cuNyrSmRjBeekioLdLkvI,Ray of Light,1998-03-03,13,spotify:artist:6tbjWDEIzxoDsBA1FuhfPW
1V342k6sinWc4y4R2iReOu,Music,2000-09-19,11,spotify:artist:6tbjWDEIzxoDsBA1FuhfPW
6makHXbA3KBYNlYEPXyFJW,American Life,2003-04-22,11,spotify:artist:6tbjWDEIzxoDsBA1FuhfPW
1hg0pQJLE9dzfT1kgZtDPr,Confessions on a Dance Floor,2005-11-11,12,spotify:artist:6tbjWDEIzxoDsBA1FuhfPW
2nYRylF5uTA1CTtya4qjU3,The Confessions Tour,2007-01-30,13,spotify:artist:6tbjWDEIzxoDsBA1FuhfPW
0tZyRisNOqyEjioXosI3Lm,The Confessions Tour (Live),2007-01-30,15,spotify:artist:6tbjWDEIzxoDsBA1FuhfPW
1Ms3J8LcSCMH29tG5bSKLu,Hard Candy,2008-04-19,16,spotify:artist:6tbjWDEIzxoDsBA1FuhfPW
1uiHQYyeEZ9rhKwyw4lc9b,Sticky & Sweet Tour,2010-03-30,17,spotify:artist:6tbjWDEIzxoDsBA1FuhfPW
3nwQzeLgNRV02vRJ2HFQbD,MDNA (Nightlife Edition),2012-01-01,14,spotify:artist:6tbjWDEIzxoDsBA1FuhfPW
6JlKrwy7tJKFBum4i9vxW2,MDNA (Deluxe Version),2012-01-01,17,spotify:artist:6tbjWDEIzxoDsBA1FuhfPW
2trAegxlPgPnZHfYrUNvp0,MDNA,2012-01-01,18,spotify:artist:6tbjWDEIzxoDsBA1FuhfPW
1ZZSvLZfbkBDIFPSMi3Cqk,MDNA World Tour,2013-01-01,24,spotify:artist:6tbjWDEIzxoDsBA1FuhfPW
5NFLUa7LJ8la1znPXcxIfd,Rebel Heart,2015-03-10,14,spotify:artist:6tbjWDEIzxoDsBA1FuhfPW
5TAX07toYGN4AFshlKpmZb,Rebel Heart (Deluxe),2015-03-10,19,spotify:artist:6tbjWDEIzxoDsBA1FuhfPW
1MfBS0vLHUvlKXWsS7RUun,Rebel Heart (Super Deluxe),2015-03-10,25,spotify:artist:6tbjWDEIzxoDsBA1FuhfPW
4hBA7VgOSxsWOf2N9dJv2X,Rebel Heart Tour (Live),2017-09-15,22,spotify:artist:6tbjWDEIzxoDsBA1FuhfPW
3QOVlwTbWtGjLZpdSfYHkR,Madame X (International Deluxe),2019-06-14,18,spotify:artist:6tbjWDEIzxoDsBA1FuhfPW
1G2YEQPXaOj1JZwa3ZiGe8,Madame X (Deluxe),2019-06-14,15,spotify:artist:6tbjWDEIzxoDsBA1FuhfPW
4pnhHLvaRIlDUwXEIXZEnH,True Blue (35th Anniversary Edition),2021-07-30,18,spotify:artist:6tbjWDEIzxoDsBA1FuhfPW
5NLO9sMI3xznCGrRWhsPN3,Madame X - Music From The Theater Xperience (Live),2021-10-08,20,spotify:artist:6tbjWDEIzxoDsBA1FuhfPW
2y7jq4zRtFwbw3M2NsbZsD,Finally Enough Love,2022-06-24,16,spotify:artist:6tbjWDEIzxoDsBA1FuhfPW
5WWD7T6lI2JV1oyABrFq10,Finally Enough Love: 50 Number Ones,2022-08-19,50,spotify:artist:6tbjWDEIzxoDsBA1FuhfPW
64hBaFR0j0Piy6useIkUau,Bad Girl / Fever,2022-10-20,12,spotify:artist:6tbjWDEIzxoDsBA1FuhfPW
17mQfc6RNOQ66ItyTvUGQz,Rain,2022-11-11,6,spotify:artist:6tbjWDEIzxoDsBA1FuhfPW
5QQ66C39N9ysUf1vr0rIzs,You Can Dance (Single Edits),2022-11-17,7,spotify:artist:6tbjWDEIzxoDsBA1FuhfPW
5QjBEb1GwmxGjEaJLfuVWX,Someday EP,1990-11-15,8,spotify:artist:4iHNK0tOyZPYnBU7nGAgpQ
7aNC1am350Q2Dw0wlNuomT,There's Got To Be a Way EP,1991-05-06,5,spotify:artist:4iHNK0tOyZPYnBU7nGAgpQ
0W1gYWFbh16HxW9NNPujiq,Emotions EP,1991-08-13,5,spotify:artist:4iHNK0tOyZPYnBU7nGAgpQ
4eEYKyd209YmQGjOlfhGMA,Make It Happen EP,1992-04-04,6,spotify:artist:4iHNK0tOyZPYnBU7nGAgpQ
0jpGebANqbNNKbWHq2XhEM,MTV Unplugged EP,1992-04-30,7,spotify:artist:4iHNK0tOyZPYnBU7nGAgpQ
2IrjdPoANpWUtUPhQjHThm,Dreamlover EP,1993-07-27,11,spotify:artist:4iHNK0tOyZPYnBU7nGAgpQ
39I8ed31o3DYy5ykIXdKpU,Never Forget You EP,1994-02-22,3,spotify:artist:4iHNK0tOyZPYnBU7nGAgpQ
3PUM29uAXuZWf04G9FfWyg,Anytime You Need A Friend EP,1994-05-31,13,spotify:artist:4iHNK0tOyZPYnBU7nGAgpQ
0wVpSrJqvOt3fZfxsrnVQO,Joy To The World EP,1994-11-01,7,spotify:artist:4iHNK0tOyZPYnBU7nGAgpQ
2IydS9F4qGotbJLBgc6aQI,All I Want For Christmas Is You,1994-11-01,4,spotify:artist:4iHNK0tOyZPYnBU7nGAgpQ
7ntA3Nvs4gSYUardNWh7XB,When You Believe (From The Prince Of Egypt),1995,4,spotify:artist:4iHNK0tOyZPYnBU7nGAgpQ
4aK77BPpiigFVQaLqs7AI4,Fantasy EP,1995-09-12,11,spotify:artist:4iHNK0tOyZPYnBU7nGAgpQ
1oAUyoCeTcnD5bEaLMf8pg,One Sweet Day EP,1995-11-14,4,spotify:artist:4iHNK0tOyZPYnBU7nGAgpQ
0XGnvXuHiWdgB83sNrLEzX,When You Believe,1996,3,spotify:artist:4iHNK0tOyZPYnBU7nGAgpQ
4g1rP0VXfdQgbTp6j8GOB8,Always Be My Baby EP,1996-03-09,9,spotify:artist:4iHNK0tOyZPYnBU7nGAgpQ
4Dj9bMfnwdx75XISnqsHTc,Underneath the Stars EP,1996-04-05,3,spotify:artist:4iHNK0tOyZPYnBU7nGAgpQ
6Ae7Vj251EDHIGEwEYsdEH,Honey EP,1997-08-26,12,spotify:artist:4iHNK0tOyZPYnBU7nGAgpQ
0f4ZnWAgSixsLHXgktU4t9,Butterfly EP,1997-12-01,10,spotify:artist:4iHNK0tOyZPYnBU7nGAgpQ
0gpcwsuOkFqSmwFrnkWlk0,The Roof (Back In Time) EP,1998-03-20,9,spotify:artist:4iHNK0tOyZPYnBU7nGAgpQ
6PfEOXBX3iiNNsDbhGTBlT,Breakdown EP,1998-03-24,3,spotify:artist:4iHNK0tOyZPYnBU7nGAgpQ
12irT6L2R2wHmPJaz75TQW,My All EP,1998-04-21,8,spotify:artist:4iHNK0tOyZPYnBU7nGAgpQ
4HMb32LinHnacPdr6rnTRj,Mariah En Español EP,1998-04-21,7,spotify:artist:4iHNK0tOyZPYnBU7nGAgpQ
0dNRJD4jiqogczQYp99kUt,Whenever You Call,1998-09-15,1,spotify:artist:4iHNK0tOyZPYnBU7nGAgpQ
65HeRa262BQgzAqRbGpWXR,Do You Know Where You're Going To EP,1998-11-17,7,spotify:artist:4iHNK0tOyZPYnBU7nGAgpQ
1xq3CF71gkQhjPdORWp4rt,I Still Believe EP,1998-11-17,13,spotify:artist:4iHNK0tOyZPYnBU7nGAgpQ
2WnZUGeARPOUEBQJxqBftE,Sweetheart EP,1998-11-17,10,spotify:artist:4iHNK0tOyZPYnBU7nGAgpQ
1VktLKfdjb6cq5QoRzp0e0,Heartbreaker EP,1999-09-21,6,spotify:artist:4iHNK0tOyZPYnBU7nGAgpQ
3hzHu2tIZcmUgG1LgWQOGX,Thank God I Found You (Remix),2000-01-24,4,spotify:artist:4iHNK0tOyZPYnBU7nGAgpQ
2FOaKrTyadDqoCFkXOPN9m,Thank God I Found You EP,2000-01-25,6,spotify:artist:4iHNK0tOyZPYnBU7nGAgpQ
296UXUMM4R8K0m7h0UKegl,Can't Take That Away (Mariah's Theme) EP,2000-06-06,5,spotify:artist:4iHNK0tOyZPYnBU7nGAgpQ
3Jx6tgsjoX2oL7vqfnb89j,Against All Odds (Take A Look at Me Now) EP,2000-08-08,6,spotify:artist:4iHNK0tOyZPYnBU7nGAgpQ
3XZySQA89fA3UjV0cVrlL5,Through The Rain - EP,2002-01-13,13,spotify:artist:4iHNK0tOyZPYnBU7nGAgpQ
7KvgKCcgXHuHfQL8B6i3JT,The One - EP,2002-01-13,5,spotify:artist:4iHNK0tOyZPYnBU7nGAgpQ
1dLppu2ZNH9PvG1YgekYqm,Boy (I Need You) - EP,2003-03-24,7,spotify:artist:4iHNK0tOyZPYnBU7nGAgpQ
2utdAiplXMTp9dAVVj4Bi5,I Only Wanted - EP,2003-10-12,2,spotify:artist:4iHNK0tOyZPYnBU7nGAgpQ
0UGeQItY9tA1z8MVsElT4v,Bringin’ On The Heartbreak - EP,2003-11-25,13,spotify:artist:4iHNK0tOyZPYnBU7nGAgpQ
6NiA8ol69WFvdkrKgWPKMH,We Belong Together (UK - i tunes exclusive),2005-01-01,1,spotify:artist:4iHNK0tOyZPYnBU7nGAgpQ
21i07jJOeBkUldbd0jPR7X,We Belong Together (Int'l),2005-01-01,2,spotify:artist:4iHNK0tOyZPYnBU7nGAgpQ
2nOvgJQegHUptXvZ9PLhd5,We Belong Together,2005-01-01,2,spotify:artist:4iHNK0tOyZPYnBU7nGAgpQ
3pdtPsY0fXnU0BvUe2SCB9,Shake It Off,2005-01-01,1,spotify:artist:4iHNK0tOyZPYnBU7nGAgpQ
0HuMtfRjTbYwDl4F2zy623,Get Your Number / Shake It Off,2005-01-01,3,spotify:artist:4iHNK0tOyZPYnBU7nGAgpQ
0wpGEbfRm3hO21E7FbiryZ,Get Your Number,2005-01-01,2,spotify:artist:4iHNK0tOyZPYnBU7nGAgpQ
7myqJhKQhXMcr9j8vEkkZc,Don't Forget About Us,2005-01-01,2,spotify:artist:4iHNK0tOyZPYnBU7nGAgpQ
4gXKAIwhU44Uzu9Mf9YHoD,It's Like That - EP,2005-01-15,9,spotify:artist:4iHNK0tOyZPYnBU7nGAgpQ
15jDkoI1spdJCYvfQlUffQ,We Belong Together - EP,2005-03-29,7,spotify:artist:4iHNK0tOyZPYnBU7nGAgpQ
2VrTDJHl27c6A2U7x4z0WO,It's Like That,2005-04-28,2,spotify:artist:4iHNK0tOyZPYnBU7nGAgpQ
0yG1IncJrAPnoV4AMGoOYX,Shake It Off - EP,2005-07-12,3,spotify:artist:4iHNK0tOyZPYnBU7nGAgpQ
1W9bfKUxw58SAurUKpDy8m,Don't Forget About Us - EP,2005-12-12,12,spotify:artist:4iHNK0tOyZPYnBU7nGAgpQ
30X6KeTsRnR4RsH07sMsJX,Say Somethin',2006-01-01,2,spotify:artist:4iHNK0tOyZPYnBU7nGAgpQ
6s20vTZLWKb8MN2nCJW1NL,Say Somethin' - EP,2006-04-03,6,spotify:artist:4iHNK0tOyZPYnBU7nGAgpQ
34SaS54TWqY1GHRj5SByLt,Your Girl - EP,2006-04-10,2,spotify:artist:4iHNK0tOyZPYnBU7nGAgpQ
5aZ6pruk8xRbZLoElrFavp,"Right To Dream (from the movie ""Tennessee"")",2008-01-01,1,spotify:artist:4iHNK0tOyZPYnBU7nGAgpQ
6Kt4SNT3CgSHcpVumQ7rpN,Bye Bye,2008-01-01,2,spotify:artist:4iHNK0tOyZPYnBU7nGAgpQ
5bqwWU3kpR7Sdl1R2P6wYI,Bye Bye [So So Def Remix featuring JAY-Z (Edited)],2008-01-01,1,spotify:artist:4iHNK0tOyZPYnBU7nGAgpQ
0BoflTjrV8oSJ9jj5WP14S,Bye Bye (So So Def Remix),2008-01-01,1,spotify:artist:4iHNK0tOyZPYnBU7nGAgpQ
4JQh3a9LJkY4MREMn1WOJf,Bye Bye [So So Def Remix featuring JAY-Z (Explicit)],2008-01-01,1,spotify:artist:4iHNK0tOyZPYnBU7nGAgpQ
5BRk9Ml11itBNbXWyn3UbN,Touch My Body - EP,2008-02-12,10,spotify:artist:4iHNK0tOyZPYnBU7nGAgpQ
4AEGEvVe01rcRYlUTcWavL,I'll Be Lovin' U Long Time - EP,2008-07-01,4,spotify:artist:4iHNK0tOyZPYnBU7nGAgpQ
0DY8qI4bmNclBuPmnxGIzO,I Stay In Love - EP,2008-10-28,7,spotify:artist:4iHNK0tOyZPYnBU7nGAgpQ
3nTlbpOjVbLnlRrBtESViC,I'm That Chick - EP,2008-11-04,2,spotify:artist:4iHNK0tOyZPYnBU7nGAgpQ
2b8YuRhVc7p9LNm3qKLfxZ,Obsessed (Int'l 2 trk),2009-01-01,2,spotify:artist:4iHNK0tOyZPYnBU7nGAgpQ
1yiKTiJ82y5h3IbQNEBVug,Obsessed,2009-01-01,1,spotify:artist:4iHNK0tOyZPYnBU7nGAgpQ
6tllTVYGkR7LUnScN9qr9P,I Want To Know What Love Is (UK Bundle),2009-01-01,3,spotify:artist:4iHNK0tOyZPYnBU7nGAgpQ
0gCjpZYKA57HSPO3iUmNx3,I Want To Know What Love Is (The Remixes),2009-01-01,14,spotify:artist:4iHNK0tOyZPYnBU7nGAgpQ
5iA673OarCpMQffVLfdNun,I Want To Know What Love Is (Int'l 2 Trk),2009-01-01,2,spotify:artist:4iHNK0tOyZPYnBU7nGAgpQ
6VdmDrmL1vg94v4l7dddBY,I Want To Know What Love Is,2009-01-01,8,spotify:artist:4iHNK0tOyZPYnBU7nGAgpQ
2a5mf1uy3zxPzpMDvS9v85,All I Want For Christmas Is You (Mariah's New Dance Mixes 2009),2009-11-23,3,spotify:artist:4iHNK0tOyZPYnBU7nGAgpQ
2a28wePyGwrbLT5XrpViml,Up Out My Face,2010-01-01,1,spotify:artist:4iHNK0tOyZPYnBU7nGAgpQ
0kEiliXOTWicMJonpQopbx,Oh Santa! The Remixes,2010-01-01,6,spotify:artist:4iHNK0tOyZPYnBU7nGAgpQ
3z0vv5w1vaGnrxb9QgWZwf,Oh Santa! All I Want For Christmas Is You (Holiday Mashup),2010-01-01,1,spotify:artist:4iHNK0tOyZPYnBU7nGAgpQ
3GuMPsQbqKTv8aCSNVFxBF,Auld Lang Syne (The New Year's Anthem) The Remixes,2010-01-01,9,spotify:artist:4iHNK0tOyZPYnBU7nGAgpQ
3SxgnytOcu80ARVznoU6P0,Angels Cry Remix feat. Ne-Yo,2010-01-01,1,spotify:artist:4iHNK0tOyZPYnBU7nGAgpQ
2qWK06qVaxSOygIY9RBQ3W,When Christmas Comes,2011-01-01,1,spotify:artist:4iHNK0tOyZPYnBU7nGAgpQ
6waGDUY6q474x5GP41k3kt,Miss You Most at Christmas Time (feat. Aliyah),2011-12-05,1,spotify:artist:4iHNK0tOyZPYnBU7nGAgpQ
00IKlZAuwGQLqBJ1jjDSFC,Triumphant (The Remixes),2012-01-01,15,spotify:artist:4iHNK0tOyZPYnBU7nGAgpQ
4mhnkE0F9WN1RzMJoY8wwG,Triumphant (Get 'Em),2012-01-01,1,spotify:artist:4iHNK0tOyZPYnBU7nGAgpQ
4Plx5OeMybRUW6fvYKIZS3,Almost Home,2013-01-01,1,spotify:artist:4iHNK0tOyZPYnBU7nGAgpQ
4ZpsRlfJk47k6ZNQ9Rj2CD,#Beautiful (Remix),2013-01-01,1,spotify:artist:4iHNK0tOyZPYnBU7nGAgpQ
4R15iNkWpYCNSuTXFLHs7k,#Beautiful (#Hermosa – Spanglish Version),2013-01-01,1,spotify:artist:4iHNK0tOyZPYnBU7nGAgpQ
6Sq5aBn11oMIwLk3t3NJiO,You're Mine (Eternal) [The Dance Remixes],2014-01-01,7,spotify:artist:4iHNK0tOyZPYnBU7nGAgpQ
3JJFnCUiW0UkqaGRttPOHT,You're Mine (Eternal) [Remix],2014-01-01,1,spotify:artist:4iHNK0tOyZPYnBU7nGAgpQ
12gv65uIZfaVYQIWF7fSs5,Infamous,2016-09-30,1,spotify:artist:4iHNK0tOyZPYnBU7nGAgpQ
4pLsN4leY5JE1vIclTwLQe,I Don't (feat. YG),2017-02-03,1,spotify:artist:4iHNK0tOyZPYnBU7nGAgpQ
3pirt5IK9hyGQUo0gGOK5V,I Don't (feat. Remy Ma & YG) [Remix],2017-03-24,1,spotify:artist:4iHNK0tOyZPYnBU7nGAgpQ
7zgaDyMgyqRsQ7D8o3uZKe,Unforgettable (Mariah Carey Remix),2017-08-25,1,spotify:artist:4iHNK0tOyZPYnBU7nGAgpQ
4Nkq2k3PFRCKISQRA3W6EE,Unforgettable (Mariah Carey Acoustic Remix),2017-08-25,1,spotify:artist:4iHNK0tOyZPYnBU7nGAgpQ
1qd5ZeEBfdIrAFrz3EGQnL,The Star,2017-10-20,1,spotify:artist:4iHNK0tOyZPYnBU7nGAgpQ
3l6wov8ESqx6Z9ebLJdKDh,GTFO,2018-09-13,1,spotify:artist:4iHNK0tOyZPYnBU7nGAgpQ
38vJ9dQX29k6nOHUjxkKFM,With You,2018-10-04,1,spotify:artist:4iHNK0tOyZPYnBU7nGAgpQ
28KXqgWsmK7cAdvbb0IVe0,The Distance (feat. Ty Dolla $ign),2018-10-18,1,spotify:artist:4iHNK0tOyZPYnBU7nGAgpQ
4FccAA6DbB2asPIa5sfyCB,A No No,2018-11-01,1,spotify:artist:4iHNK0tOyZPYnBU7nGAgpQ
3KF0VX2nduGrZXeAEVraxO,A No No (feat. Stefflon Don) [Remix],2019-03-15,1,spotify:artist:4iHNK0tOyZPYnBU7nGAgpQ
57ckPLVcUfercG8RCikJYj,A No No (feat. Shawni) [Remix],2019-04-05,1,spotify:artist:4iHNK0tOyZPYnBU7nGAgpQ
5WZgGYmxovipUx831CDUbL,In The Mix,2019-09-17,1,spotify:artist:4iHNK0tOyZPYnBU7nGAgpQ
6qa7hIEIMrq8kn23zobv9u,All I Want for Christmas is You,2019-11-22,1,spotify:artist:4iHNK0tOyZPYnBU7nGAgpQ
3vmNlLcRS8xJcB5RQuMNxe,The Live Debut - 1990,2020-07-17,5,spotify:artist:4iHNK0tOyZPYnBU7nGAgpQ
2g0Ha2fsHrVBueqWdBGUpB,Oh Santa! (feat. Ariana Grande & Jennifer Hudson),2020-12-04,1,spotify:artist:4iHNK0tOyZPYnBU7nGAgpQ
6lJwrPXQgaUqBCX85zEBHg,We Belong Together (Mimi's Late Night Valentine's Mix),2021-02-17,2,spotify:artist:4iHNK0tOyZPYnBU7nGAgpQ
5NyqnHa0a9s3zdnmnECumI,Fall in Love at Christmas,2021-11-05,3,spotify:artist:4iHNK0tOyZPYnBU7nGAgpQ
7bbWtqbSyq4hJTpc2s1HIC,Fall in Love at Christmas (Remixes),2021-12-03,3,spotify:artist:4iHNK0tOyZPYnBU7nGAgpQ
7zQMAaw56pnSMQZQoMLq16,Always Be My Baby (Austin Millz Remix),2022-01-01,1,spotify:artist:4iHNK0tOyZPYnBU7nGAgpQ
7yQ3QGLWN0YvBuImU7bVc3,Big Energy (feat. DJ Khaled) [Remix],2022-03-31,1,spotify:artist:4iHNK0tOyZPYnBU7nGAgpQ
5SwNGsGw1I8H361DKiYnnn,Mariah Carey,1990-06-12,11,spotify:artist:4iHNK0tOyZPYnBU7nGAgpQ
0SHpIbyBLUugMXsl3yNkUz,Emotions,1991-09-17,10,spotify:artist:4iHNK0tOyZPYnBU7nGAgpQ
2NKxb7pk04CuZab5udkGUl,Music Box,1993-08-31,10,spotify:artist:4iHNK0tOyZPYnBU7nGAgpQ
61ulfFSmmxMhc2wCdmdMkN,Merry Christmas,1994-10-28,10,spotify:artist:4iHNK0tOyZPYnBU7nGAgpQ
1ibYM4abQtSVQFQWvDSo4J,Daydream,1995-10-03,12,spotify:artist:4iHNK0tOyZPYnBU7nGAgpQ
7aDBFWp72Pz4NZEtVBANi9,Butterfly,1997-09-16,12,spotify:artist:4iHNK0tOyZPYnBU7nGAgpQ
1iSTXHBhLc9ImaqyvVZGft,Rainbow,1999-11-02,14,spotify:artist:4iHNK0tOyZPYnBU7nGAgpQ
2hHFZLYnwsYOOxTCrlNvg0,Glitter,2001-09-11,12,spotify:artist:4iHNK0tOyZPYnBU7nGAgpQ
2UYie72CXeuwIB7YepDidw,Charmbracelet,2002-12-02,15,spotify:artist:4iHNK0tOyZPYnBU7nGAgpQ
43iBTEWECK7hSnE0p6GgNo,The Emancipation of Mimi,2005-04-12,14,spotify:artist:4iHNK0tOyZPYnBU7nGAgpQ
7MMpjM0wynysTbhpvKjHrm,The Emancipation Of Mimi (Ultra Platinum Edition),2005-04-12,20,spotify:artist:4iHNK0tOyZPYnBU7nGAgpQ
31MluXLYC0ZnCSfUZ5T4GX,E=MC2,2008-04-15,16,spotify:artist:4iHNK0tOyZPYnBU7nGAgpQ
3RPImDZ7Ihh5YR5iJh1gH1,Memoirs of an imperfect Angel,2009-09-29,21,spotify:artist:4iHNK0tOyZPYnBU7nGAgpQ
0an7K6LfvYERpVviYMUFp0,Memoirs of an imperfect Angel (International Version),2009-09-29,21,spotify:artist:4iHNK0tOyZPYnBU7nGAgpQ
4q88opkbXkvvL0iIvbs0pv,Merry Christmas II You,2010-11-02,14,spotify:artist:4iHNK0tOyZPYnBU7nGAgpQ
2YQMF6Mc6YufySJdb0uIw8,Me. I Am Mariah... The Elusive Chanteuse,2014-05-23,15,spotify:artist:4iHNK0tOyZPYnBU7nGAgpQ
47voGlgRLcSe9VVO4K4IQa,Me. I Am Mariah…The Elusive Chanteuse (Deluxe),2014-05-23,18,spotify:artist:4iHNK0tOyZPYnBU7nGAgpQ
2OAnKdhzwfBBwYtG2bDBKF,Me. I Am Mariah…The Elusive Chanteuse,2014-05-26,18,spotify:artist:4iHNK0tOyZPYnBU7nGAgpQ
2VtWkFLhMJAFsWkHAXwosS,Caution (Japan Version),2018-11-16,12,spotify:artist:4iHNK0tOyZPYnBU7nGAgpQ
6GhWU8SIWavH4IQAoeJazI,Caution,2018-11-17,11,spotify:artist:4iHNK0tOyZPYnBU7nGAgpQ
5OkzvMKeDtKPMogoEXEDyK,Merry Christmas (Japan Deluxe Anniversary Edition),2019-11-01,30,spotify:artist:4iHNK0tOyZPYnBU7nGAgpQ
0cS9prZ8u3fdbc7lmtCaMV,Merry Christmas (Deluxe Anniversary Edition),2019-11-01,29,spotify:artist:4iHNK0tOyZPYnBU7nGAgpQ
0v1DRRYBXYg1uVN1CIsyy0,The Rarities,2020-10-02,32,spotify:artist:4iHNK0tOyZPYnBU7nGAgpQ
5VfOssXn7GQr02J90c2HDl,Mariah Carey's Magical Christmas Special (Apple TV+ Original Soundtrack),2020-12-11,17,spotify:artist:4iHNK0tOyZPYnBU7nGAgpQ
3VOqo81Nwyx8rcZEc2l379,Butterfly: 25th Anniversary Expanded Edition,2022-09-16,20,spotify:artist:4iHNK0tOyZPYnBU7nGAgpQ
6E7Zkpk31fHefblsiMmWdH,The $5.98 EP - Garage Days Re-Revisited (Remastered),1987-08-24,5,spotify:artist:2ye2Wgw4gimLv2eAKyk1NB
4gBnm0xEJSjyv6zYfpjvhu,Dyers Eve (Remastered),1988-08-25,1,spotify:artist:2ye2Wgw4gimLv2eAKyk1NB
7Gv5QjgYP04LqYSEJ0anJS,Some Kind Of Monster EP,2004-07-13,8,spotify:artist:2ye2Wgw4gimLv2eAKyk1NB
7cJ4oRwyJ5BU1oj29AquOM,I Disappear,2008-01-01,1,spotify:artist:2ye2Wgw4gimLv2eAKyk1NB
5WSYGRqZDvQphb2Ugig4jh,Beyond Magnetic,2011-12-13,4,spotify:artist:2ye2Wgw4gimLv2eAKyk1NB
40Tac2KS84ySoH7PELJEYg,The Wait (Remastered),2018-01-26,1,spotify:artist:2ye2Wgw4gimLv2eAKyk1NB
7mrt5eSBsg6J8v7Avn2n6x,"Eye Of The Beholder (Live At Hammersmith Odeon, London, England / October 10th, 1988)",2018-09-06,1,spotify:artist:2ye2Wgw4gimLv2eAKyk1NB
2FSbOQ958BdifM7Wve9jEo,The Shortest Straw (December 1987 / Writing In Progress),2018-09-28,1,spotify:artist:2ye2Wgw4gimLv2eAKyk1NB
3iQIoeQyz0wtq954DQ0vqz,"One (Live At Long Beach Arena, Long Beach, CA / December 7th, 1988)",2018-10-26,1,spotify:artist:2ye2Wgw4gimLv2eAKyk1NB
79AdhmtAH5g1kk9ryoPwtb,Blackened 2020,2020-05-15,1,spotify:artist:2ye2Wgw4gimLv2eAKyk1NB
4WnCyOEB5H6qww93Hz88ZC,All Within My Hands (Live) / Nothing Else Matters (Live),2020-07-15,2,spotify:artist:2ye2Wgw4gimLv2eAKyk1NB
0su7Twyyv5i1bAPumx5Nye,Moth Into Flame (Live),2020-08-05,5,spotify:artist:2ye2Wgw4gimLv2eAKyk1NB
6JUqqwbNtGFsHmCxKhkfJo,For Whom the Bell Tolls (Live),2020-08-20,6,spotify:artist:2ye2Wgw4gimLv2eAKyk1NB
5NaloVXyDCYZtpFdegIp7k,For Whom The Bell Tolls (Live),2020-08-20,6,spotify:artist:2ye2Wgw4gimLv2eAKyk1NB
4nQohOCgjIAlnRmqUVYaSv,Lux Æterna,2022-11-28,1,spotify:artist:2ye2Wgw4gimLv2eAKyk1NB
2iEqcqpNG3zKBZAmiZzuDv,Screaming Suicide,2023-01-19,2,spotify:artist:2ye2Wgw4gimLv2eAKyk1NB
3m69LQokz6DaKB3yw4BH6n,Kill 'Em All (Deluxe / Remastered),1983-07-24,58,spotify:artist:2ye2Wgw4gimLv2eAKyk1NB
0vNBQof86Lv5gLuf26ML7o,Kill 'Em All (Remastered),1983-07-25,10,spotify:artist:2ye2Wgw4gimLv2eAKyk1NB
7GttoSWxEi5lZvIWeSrh6n,Kill 'Em All (Deluxe Remaster),1983-07-25,54,spotify:artist:2ye2Wgw4gimLv2eAKyk1NB
4K5E5mWQbECn9aThu6Xnkx,Ride The Lightning (Deluxe / Remastered),1984-07-26,64,spotify:artist:2ye2Wgw4gimLv2eAKyk1NB
1nTvIQEXvygqSIqc2vuwAz,Ride The Lightning (Remastered),1984-07-27,8,spotify:artist:2ye2Wgw4gimLv2eAKyk1NB
2omIeSJEGQeKHPOpiXgfkr,Ride The Lightning (Deluxe Remaster),1984-07-27,63,spotify:artist:2ye2Wgw4gimLv2eAKyk1NB
5gzLOflH95LkKYE6XSXE9k,Master of Puppets (Remastered),1986-03-03,8,spotify:artist:2ye2Wgw4gimLv2eAKyk1NB
2Lq2qX3hYhiuPckC8Flj21,Master Of Puppets (Remastered),1986-03-03,8,spotify:artist:2ye2Wgw4gimLv2eAKyk1NB
7CGhx630DIjdJqaBDVKc5j,Master of Puppets (Remastered Deluxe Box Set),1986-03-03,137,spotify:artist:2ye2Wgw4gimLv2eAKyk1NB
5rFZcoCvmCaJ1gxTMU4JTm,Master Of Puppets (Deluxe Box Set / Remastered),1986-03-03,137,spotify:artist:2ye2Wgw4gimLv2eAKyk1NB
2bKDte0I4SceROjBMtYtKV,…And Justice for All (Remastered Deluxe Box Set),1988-08-25,147,spotify:artist:2ye2Wgw4gimLv2eAKyk1NB
6Eycw3dwcDMEFSqkUvLQ7g,...And Justice For All,1988-08-25,9,spotify:artist:2ye2Wgw4gimLv2eAKyk1NB
6jZ1z25PyF4Yd3kHxt9rl1,…And Justice for All (Remastered),1988-08-25,9,spotify:artist:2ye2Wgw4gimLv2eAKyk1NB
2XbWaerVk9fjhEiGSrd6TF,...And Justice for All (Remastered Deluxe Box Set),1988-09-07,147,spotify:artist:2ye2Wgw4gimLv2eAKyk1NB
4Cn4T0onWhfJZwWVzU5a2t,...And Justice for All (Remastered),1988-09-07,9,spotify:artist:2ye2Wgw4gimLv2eAKyk1NB
55fq75UfkYbGMq4CncCtOH,Metallica (Remastered),1991-08-12,12,spotify:artist:2ye2Wgw4gimLv2eAKyk1NB
2Kh43m04B1UkVcpcRa1Zug,Metallica,1991-08-12,12,spotify:artist:2ye2Wgw4gimLv2eAKyk1NB
6TXWP5SAhTB9P0GN4tOT0B,Live Sh*t: Binge & Purge (Live In Mexico City),1993-01-01,24,spotify:artist:2ye2Wgw4gimLv2eAKyk1NB
4iBN00FZaKlaXVYfxV7bBQ,Live S**t: Binge & Purge,1993-11-23,24,spotify:artist:2ye2Wgw4gimLv2eAKyk1NB
5rI3pfrpvmdYtGAsBwaGec,Load,1996-06-04,14,spotify:artist:2ye2Wgw4gimLv2eAKyk1NB
7KDqRmr937ylvGilPGWxfD,Reload,1997-11-18,13,spotify:artist:2ye2Wgw4gimLv2eAKyk1NB
0vshXZYhBkbIoqxyC2fXcF,Garage Inc.,1998-01-01,27,spotify:artist:2ye2Wgw4gimLv2eAKyk1NB
5b7HQ04lPT7eGJQ7fmVsjC,"Garage, Inc.",1998-11-24,27,spotify:artist:2ye2Wgw4gimLv2eAKyk1NB
3kVRcb2fuCcKcqltzczxRP,S&M,1999-11-23,21,spotify:artist:2ye2Wgw4gimLv2eAKyk1NB
4ljK2LVKvEPd5xPgUJn0Bs,St. Anger,2003-06-05,11,spotify:artist:2ye2Wgw4gimLv2eAKyk1NB
3A0FTyAAcjgfhPibPsuVSc,Some Kind Of Monster (Live),2004-07-13,8,spotify:artist:2ye2Wgw4gimLv2eAKyk1NB
4t0oscNTGJkXiIB2uqZYWg,Some Kind Of Monster,2004-07-13,8,spotify:artist:2ye2Wgw4gimLv2eAKyk1NB
0lf5ceMub7KQhLfGxCdM06,Death Magnetic,2008-09-12,10,spotify:artist:2ye2Wgw4gimLv2eAKyk1NB
0kWBvUy985muQ5E0eCGAzH,Six Feet Down Under Part 2,2010-01-01,8,spotify:artist:2ye2Wgw4gimLv2eAKyk1NB
6PZnDE9gWetRTjw3pHbodW,Six Feet Down Under,2010-01-01,8,spotify:artist:2ye2Wgw4gimLv2eAKyk1NB
3FgLMfp5o2h2rAny7S6h57,Lulu,2011-11-01,10,spotify:artist:2ye2Wgw4gimLv2eAKyk1NB
72grIwGP38Iy2S1jxt1Gjd,Metallica Through The Never (Music from the Motion Picture),2013,16,spotify:artist:2ye2Wgw4gimLv2eAKyk1NB
0ecPxTAKqXdr2MJYdYOM7e,Metallica Through The Never (Music From The Motion Picture),2013-01-01,16,spotify:artist:2ye2Wgw4gimLv2eAKyk1NB
7LwifLL1anaEd9eIIfIkx7,Hardwired…To Self-Destruct,2016-11-18,12,spotify:artist:2ye2Wgw4gimLv2eAKyk1NB
4bcUiX49wpmDRhrC8TvDWV,Hardwired…To Self-Destruct (Deluxe),2016-11-18,26,spotify:artist:2ye2Wgw4gimLv2eAKyk1NB
0CVEbITaSHVBJO2GnawOaj,ライヴ・イン・テキサス1989 (Live at リユニオン・アリーナ、ダラス、1989),2017-04-06,19,spotify:artist:2ye2Wgw4gimLv2eAKyk1NB
3KESkLVC8ivaWmZAoDinoc,Helping Hands...Live & Acoustic at The Masonic,2019-02-01,12,spotify:artist:2ye2Wgw4gimLv2eAKyk1NB
5tEW32iyrRuYPQQ4bwUiCf,Helping Hands…Live & Acoustic At The Masonic,2019-02-01,12,spotify:artist:2ye2Wgw4gimLv2eAKyk1NB
3inFkZMAUrTnPFVSoLHb9O,Live In Chile (1993 – 2017),2020-04-15,18,spotify:artist:2ye2Wgw4gimLv2eAKyk1NB
5g3oqy7nAK03ke2cR5c95I,Live In Argentina (1993 – 2017),2020-04-18,18,spotify:artist:2ye2Wgw4gimLv2eAKyk1NB
2zhgGiT3sNBK2rbrC7JcRW,Live In Brazil (1993 – 2017),2020-04-21,18,spotify:artist:2ye2Wgw4gimLv2eAKyk1NB
7Hc3m7konwS0ugyN8vJhNg,S&M2,2020-08-28,22,spotify:artist:2ye2Wgw4gimLv2eAKyk1NB
7N32mF0BlA3BOhlSyCiHgf,The Metallica Blacklist,2021-09-10,53,spotify:artist:2ye2Wgw4gimLv2eAKyk1NB
3dck2tBxGfxj9m3CguDgjb,Metallica (Remastered 2021),2021-09-10,12,spotify:artist:2ye2Wgw4gimLv2eAKyk1NB
7h5xn0Olvx2p0eQcSt1Osy,Metallica (Remastered Deluxe Box Set),2021-09-10,193,spotify:artist:2ye2Wgw4gimLv2eAKyk1NB
3BjELcUP48O22ecFD92QOh,Ben / You Can Cry On My Shoulder,2009-01-01,2,spotify:artist:3fMbdgg4jU18AjLCKBhRSm
1uy4ywvpgchtQFQe2wQ5GA,Ain't No Sunshine / In Our Small Way,2009-01-01,2,spotify:artist:3fMbdgg4jU18AjLCKBhRSm
6JXkWyhiS8cLHvXeF8kjtd,Love Never Felt So Good (Fedde Le Grand Remix Radio Edit),2014-05-19,1,spotify:artist:3fMbdgg4jU18AjLCKBhRSm
3dfI9hHNfOeLKtYbk6HIXR,Love Never Felt So Good (David Morales and Eric Kupper Def Mix),2014-07-08,4,spotify:artist:3fMbdgg4jU18AjLCKBhRSm
64pX2ZupRbnsRz1cnox0ss,Slave to the Rhythm (Audien Remix Radio Edit),2014-08-12,1,spotify:artist:3fMbdgg4jU18AjLCKBhRSm
2op4ptUiy3MgFkEUgSWzO2,Thriller (Steve Aoki Midnight Hour Remix),2017-09-29,1,spotify:artist:3fMbdgg4jU18AjLCKBhRSm
0ddmu0Yg9UM8EEDnzGln0C,Thriller (Steve Aoki Midnight Hour Remix) [Radio Edit],2017-10-25,1,spotify:artist:3fMbdgg4jU18AjLCKBhRSm
6ST7naJFCe9iBeOleU5Ccu,Michael Jackson x Mark Ronson: Diamonds are Invincible,2018-08-29,1,spotify:artist:3fMbdgg4jU18AjLCKBhRSm
6pam66S3gqDo0Yy4cjlR9G,Got To Be There,1972-01-24,10,spotify:artist:3fMbdgg4jU18AjLCKBhRSm
3j7pUFDRub9Q5NztcYKyaR,Ben,1972-08-04,10,spotify:artist:3fMbdgg4jU18AjLCKBhRSm
19vhLDr0Fw8Lja1I8xVV09,Music and Me,1973-08-13,10,spotify:artist:3fMbdgg4jU18AjLCKBhRSm
6o7W0hkHepZ2cDBF4gJsEg,Music & Me,1973-08-13,10,spotify:artist:3fMbdgg4jU18AjLCKBhRSm
3RNMz43pauYka09DdYHpHZ,Music And Me,1973-08-13,14,spotify:artist:3fMbdgg4jU18AjLCKBhRSm
6leeBdAohG7zhybC3Cmu8W,"Forever, Michael",1975-01-16,10,spotify:artist:3fMbdgg4jU18AjLCKBhRSm
3dZ91ooVpNEdukDWuNzbpZ,Forever Michael,1975-01-16,10,spotify:artist:3fMbdgg4jU18AjLCKBhRSm
2ZytN2cY4Zjrr9ukb2rqTP,Off the Wall,1979-08-10,10,spotify:artist:3fMbdgg4jU18AjLCKBhRSm
2ANVost0y2y52ema1E9xAZ,Thriller,1982-11-30,9,spotify:artist:3fMbdgg4jU18AjLCKBhRSm
3Us57CjssWnHjTUIXBuIeH,Bad (Remastered),1987-08-31,11,spotify:artist:3fMbdgg4jU18AjLCKBhRSm
0oX4SealMgNXrvRDhqqOKg,Dangerous,1991-11-13,14,spotify:artist:3fMbdgg4jU18AjLCKBhRSm
3OBhnTLrvkoEEETjFA3Qfk,"HIStory - PAST, PRESENT AND FUTURE - BOOK I",1995-06-16,30,spotify:artist:3fMbdgg4jU18AjLCKBhRSm
0RNsFWWdiz1rrdLI1pwbvJ,BLOOD ON THE DANCE FLOOR/ HIStory In The Mix,1997-05-11,13,spotify:artist:3fMbdgg4jU18AjLCKBhRSm
52E4RP7XDzalpIrOgSTgiQ,Invincible,2001-10-29,16,spotify:artist:3fMbdgg4jU18AjLCKBhRSm
1C2h7mLntPSeVYciMRTF4a,Thriller 25 Super Deluxe Edition,2008-02-08,30,spotify:artist:3fMbdgg4jU18AjLCKBhRSm
5S7ySBYbWKsZdVYQrNtrWf,Michael,2010-12-10,7,spotify:artist:3fMbdgg4jU18AjLCKBhRSm
24TAupSNVWSAHL0R7n71vm,Bad 25th Anniversary,2012-09-18,24,spotify:artist:3fMbdgg4jU18AjLCKBhRSm
54WFfZzds26NrwcmStfamd,XSCAPE - Track by Track Commentary,2014-05-09,8,spotify:artist:3fMbdgg4jU18AjLCKBhRSm
5sXEWtPp2JZG88ji9bLmwZ,XSCAPE,2014-05-14,8,spotify:artist:3fMbdgg4jU18AjLCKBhRSm
2X8UOIkZQdcz2Hi5Ynt2uk,Scream,2017-09-27,14,spotify:artist:3fMbdgg4jU18AjLCKBhRSm
57TzZhbqvYoUBzJSVKFVlG,Thriller 40,2022-11-18,34,spotify:artist:3fMbdgg4jU18AjLCKBhRSm
092bxSWa2DAimpmXLipk40,Eclipsed By The Moon - Studio Outtakes 1972,1972-12-03,4,spotify:artist:0k17h0D3J5VfsdmQ1iZtE9
2NzyXZfWkRcFpsJ8phIjnl,Wish You Were Here (2011 Remastered Version),1975-09-12,1,spotify:artist:0k17h0D3J5VfsdmQ1iZtE9
4VDzXuHXRYWZlfWTvxpf5s,"Side 3, Pt. 4: Allons-y (1)",1987,1,spotify:artist:0k17h0D3J5VfsdmQ1iZtE9
3gYSXng2aKQhLRtdwYHKQX,Take It Back (Edit),1994-05-16,1,spotify:artist:0k17h0D3J5VfsdmQ1iZtE9
2dl3KbH2KDJhNXSpJJMjwg,Keep Talking (Radio Edit),1994-10-17,1,spotify:artist:0k17h0D3J5VfsdmQ1iZtE9
406awS6JP5Ekqp5P6AJwlL,High Hopes (Radio Edit),1994-10-17,1,spotify:artist:0k17h0D3J5VfsdmQ1iZtE9
69mgjP1Sh4UNjhgyQN8jPB,"Us And Them (Live At The Empire Pool, Wembley, London 1974; 2011 Remaster)",2011-09-26,1,spotify:artist:0k17h0D3J5VfsdmQ1iZtE9
6mwhoU8P2w0ZGieH8vNfoY,"Any Colour You Like (Live At The Empire Pool, Wembley, London 1974; 2011 Remaster)",2011-09-26,1,spotify:artist:0k17h0D3J5VfsdmQ1iZtE9
4a8roTOWQK1vM4xDZbjwTY,"Shine On You Crazy Diamond, Pts. 1-6 (Live At Wembley 1974, 2011 Mix)",2011-11-07,1,spotify:artist:0k17h0D3J5VfsdmQ1iZtE9
057hHBQo8bWXBuByQVlPIE,"Raving And Drooling (Live At Wembley 1974, 2011 Mix)",2011-11-07,1,spotify:artist:0k17h0D3J5VfsdmQ1iZtE9
5IcKCBMcRG5EbfOwTDHkpq,Have A Cigar (Alternative Version),2011-11-07,1,spotify:artist:0k17h0D3J5VfsdmQ1iZtE9
2lRd5bB8IKLsoDJOeVyv06,"The Doctor (Comfortably Numb) [The Wall Work In Progress, Pt. 2, 1979] [Programme 1] [Band Demo] [2011 Remaster]",2012-02-27,1,spotify:artist:0k17h0D3J5VfsdmQ1iZtE9
0JNEJDFxj00PUVDAA5Nswn,"Run Like Hell (The Wall Work In Progress, Pt. 2, 1979) [Programme 1; Band Demo; 2011 Remaster]",2012-02-27,1,spotify:artist:0k17h0D3J5VfsdmQ1iZtE9
2z6yIqdXtAqSA3vAGhKXiP,"Grantchester Meadows (BBC Session, 12 May 1969)",2016-08-31,1,spotify:artist:0k17h0D3J5VfsdmQ1iZtE9
4WwjYnJDCKqfeZ04Gcr5oB,Childhood's End (2016 Remix),2016-10-06,1,spotify:artist:0k17h0D3J5VfsdmQ1iZtE9
5RZfTeUGBr9vFOOTvt4TXF,Green Is The Colour,2016-10-27,1,spotify:artist:0k17h0D3J5VfsdmQ1iZtE9
2rsTlyRGYI58tM6IQTiyGf,Nothing Part 14,2016-11-10,1,spotify:artist:0k17h0D3J5VfsdmQ1iZtE9
5UExvg9klWGHtuYiXPvdpr,Vegetable Man (2010 Mix),2016-11-11,1,spotify:artist:0k17h0D3J5VfsdmQ1iZtE9
7fXthohpvP905zvLYzYysV,"Song 1 [(Capitol Studio Session, 22 August 1968) [2016 Mix]]",2016-11-11,1,spotify:artist:0k17h0D3J5VfsdmQ1iZtE9
3M1SHUA7b32wvpYUrSfvYE,"One Of These Days (BBC Radio Session, 30 September 1971)",2016-11-11,1,spotify:artist:0k17h0D3J5VfsdmQ1iZtE9
4QTt0bIhDExVjxZMez9X5b,More Blues (Alternative Version),2016-11-11,1,spotify:artist:0k17h0D3J5VfsdmQ1iZtE9
6E3CxZL3Pj5X4n0uhFcBCY,"Fat Old Sun (BBC Radio Session, 16 July 1970)",2016-11-11,1,spotify:artist:0k17h0D3J5VfsdmQ1iZtE9
2Rdl3aQoj21oavTCz1zUgE,"Careful With That Axe, Eugene [(Alternative Take) [Live At Pompeii] [2016 Remix]]",2016-11-11,1,spotify:artist:0k17h0D3J5VfsdmQ1iZtE9
0bd1bM4sQs0khbdekHHMdM,"Wish You Were Here (Live at Knebworth 1990, 2019 Mix)",2019-08-29,1,spotify:artist:0k17h0D3J5VfsdmQ1iZtE9
445JU0LsrnMQ1yNczTgevu,"High Hopes (Early Version, 1994 Recording)",2019-09-27,1,spotify:artist:0k17h0D3J5VfsdmQ1iZtE9
5KJyyL16U953w3vHgGVWmm,One Slip (2019 Remix),2019-10-25,1,spotify:artist:0k17h0D3J5VfsdmQ1iZtE9
0uWE4dQfNzJCMCENVFOZyd,"Run Like Hell (Live, Delicate Sound Of Thunder)",2019-11-15,1,spotify:artist:0k17h0D3J5VfsdmQ1iZtE9
7hRwsHnBFb6oXZiFwmfE3n,Sorrow (2019 Remix),2019-11-22,1,spotify:artist:0k17h0D3J5VfsdmQ1iZtE9
2PJQoPhD3bpy84b8PGrxW0,Sorrow (Live at Knebworth 1990) [2019 Mix],2019-12-13,1,spotify:artist:0k17h0D3J5VfsdmQ1iZtE9
6RapXaIkCGfjxUQznsbZNc,"Us And Them [Live At The Empire Pool, Wembley, London 1974 (2011 Remaster)]",2020-05-22,1,spotify:artist:0k17h0D3J5VfsdmQ1iZtE9
7KOiCJPd8n6nVkO2x1gc9A,Have A Cigar (Alternate Version),2020-05-29,1,spotify:artist:0k17h0D3J5VfsdmQ1iZtE9
5dj1PEpnmHwv1kSg5HconT,"Any Colour You Like [Live At The Empire Pool, Wembley, London 1974 (2011 Remastered Version)]",2020-06-08,1,spotify:artist:0k17h0D3J5VfsdmQ1iZtE9
4XJwNchONBIImInCbhBuTI,"Run Like Hell [The Wall Work In Progress, Pt. 2, 1979 (Programme 1) [Band Demo] [2011 Remastered Version]]",2020-06-12,1,spotify:artist:0k17h0D3J5VfsdmQ1iZtE9
1x5lgK3KPb3boA73Mq18jb,Money (Early Mix),2020-06-19,1,spotify:artist:0k17h0D3J5VfsdmQ1iZtE9
5ywaMLRC3J5IZDurRcBFB3,"Shine On You Crazy Diamond, Pts. 1-6 [Live At Wembley 1974 (2011 Mix)]",2020-06-26,1,spotify:artist:0k17h0D3J5VfsdmQ1iZtE9
0lNkzKaXAzzzYAkU9nNkRi,Raving And Drooling [Live At Wembley 1974 (2011 Mix)],2020-07-03,1,spotify:artist:0k17h0D3J5VfsdmQ1iZtE9
32d478S4XY41gb3H7DgOyM,"The Doctor [(Comfortably Numb) [The Wall Work In Progress, Pt. 2, 1979] [Programme 1] [Band Demo] [2011 Remastered Version]]",2020-07-07,1,spotify:artist:0k17h0D3J5VfsdmQ1iZtE9
5YEVJds0GTirnIjVnU5H1k,Sorrow (Live at Knebworth 1990),2020-07-17,1,spotify:artist:0k17h0D3J5VfsdmQ1iZtE9
3JTITlKnY1OXxLpSp5NKCG,Learning To Fly (Delicate Sound Of Thunder Remix; 2020 Edit; Live),2020-09-24,1,spotify:artist:0k17h0D3J5VfsdmQ1iZtE9
4g14yDpNERGDTEOXosGTjK,The Great Gig In The Sky (Delicate Sound Of Thunder Remix; 2020 Edit; Live),2020-10-16,2,spotify:artist:0k17h0D3J5VfsdmQ1iZtE9
3QyeL6N7hNTmqHLwKBI7vt,One Slip (Delicate Sound Of Thunder Remix; 2020 Edit; Live),2020-11-06,3,spotify:artist:0k17h0D3J5VfsdmQ1iZtE9
2uKwp2gx5qZCVSBnsHGNUS,Run Like Hell (Delicate Sound Of Thunder Remix; 2020 Edit; Live),2020-11-13,4,spotify:artist:0k17h0D3J5VfsdmQ1iZtE9
0bd8yr7k20zQP9iPLTKxtS,On the Turning Away (Delicate Sound Of Thunder 2019 Remix [Live]),2020-11-17,5,spotify:artist:0k17h0D3J5VfsdmQ1iZtE9
2Y9Ra6P0HqfpVR92gLIKrc,On The Turning Away (2019 Remix; Live),2020-11-20,5,spotify:artist:0k17h0D3J5VfsdmQ1iZtE9
5e81PyLmqJ5sPjFT5Y4zPe,"Shine On You Crazy Diamond (Pts. 1-5) [Live at Knebworth 1990, 2021 Edit]",2021-03-10,1,spotify:artist:0k17h0D3J5VfsdmQ1iZtE9
2KUIyKJX4dK4bOwT7FE9O5,"The Great Gig In The Sky (Live at Knebworth 1990, 2021 Edit)",2021-03-19,2,spotify:artist:0k17h0D3J5VfsdmQ1iZtE9
4Sbr2lxRoedN0EeStH6Trv,"Wish You Were Here (Live at Knebworth 1990, 2021 Edit)",2021-03-26,3,spotify:artist:0k17h0D3J5VfsdmQ1iZtE9
2iY0JN0rwJfcXvXat9B0wG,"Sorrow (Live at Knebworth 1990, 2021 Edit)",2021-04-02,4,spotify:artist:0k17h0D3J5VfsdmQ1iZtE9
7lnjQbBAKKqA9n63kgjC1B,"Money (Live at Knebworth 1990, 2021 Edit)",2021-04-09,5,spotify:artist:0k17h0D3J5VfsdmQ1iZtE9
55FpgU9cchay4aMl2xT1VZ,"Comfortably Numb (Live at Knebworth 1990, 2021 Edit)",2021-04-16,6,spotify:artist:0k17h0D3J5VfsdmQ1iZtE9
2Hfo27yzPLcpeMiqssbocT,"Run Like Hell (Live at Knebworth 1990, 2021 Edit)",2021-04-23,7,spotify:artist:0k17h0D3J5VfsdmQ1iZtE9
6jB96grCNoLMo5YGrEJ2op,Learning To Fly (2019 Remix; 2021 Edit),2021-09-02,1,spotify:artist:0k17h0D3J5VfsdmQ1iZtE9
0HM46u2XTeK7eZ3ipu6npL,On The Turning Away (2019 Remix; 2021 Edit),2021-10-01,2,spotify:artist:0k17h0D3J5VfsdmQ1iZtE9
6k3hwCaDPNFADHGtRQsS8O,Sorrow (2019 Remix - Edit),2021-10-18,1,spotify:artist:0k17h0D3J5VfsdmQ1iZtE9
4dJKnPoMvOdo2ZPsuudLbq,Sorrow (2019 Remix; 2021 Edit),2021-10-29,1,spotify:artist:0k17h0D3J5VfsdmQ1iZtE9
44xG2BRJObvvHGQvaT0DjQ,Hey Hey Rise Up (feat. Andriy Khlyvnyuk of Boombox),2022-07-15,2,spotify:artist:0k17h0D3J5VfsdmQ1iZtE9
47QIb9Qkup2FwJsZdMoHDm,Dogs (2018 Remix),2022-07-22,1,spotify:artist:0k17h0D3J5VfsdmQ1iZtE9
2dZhwqxwJPAuFc4YbfTAOy,Brain Damage (2023 Remaster),2023-01-19,1,spotify:artist:0k17h0D3J5VfsdmQ1iZtE9
0Fke5eiQ6lszQHlwiFygqn,The Piper At The Gates Of Dawn [2011 - Remaster] (2011 Remastered Version),1967-08-05,11,spotify:artist:0k17h0D3J5VfsdmQ1iZtE9
2Se4ZylF9NkFGD92yv1aZC,The Piper at the Gates of Dawn,1967-08-05,11,spotify:artist:0k17h0D3J5VfsdmQ1iZtE9
5rwuexO7oiRJKqzZrd1upQ,A Saucerful Of Secrets (2011 Remaster),1968-06-28,7,spotify:artist:0k17h0D3J5VfsdmQ1iZtE9
2vnJKtGjZXRUg0mYPZ3HGH,A Saucerful of Secrets,1968-06-29,7,spotify:artist:0k17h0D3J5VfsdmQ1iZtE9
6xWRCFsaqoYj3ZwxMkCE85,More (Original Film Sountrack) [2011 - Remaster] [2011 Remastered Version],1969-06-13,13,spotify:artist:0k17h0D3J5VfsdmQ1iZtE9
6AccmjV8Q5cEUZ2tvS8s6c,More,1969-07-27,13,spotify:artist:0k17h0D3J5VfsdmQ1iZtE9
3IPhWIXHOAhS2npnq6FiCG,Ummagumma,1969-10-25,16,spotify:artist:0k17h0D3J5VfsdmQ1iZtE9
4uuyGVEZpYaGB1HtewAogW,Ummagumma (2011 Remastered Version),1969-11-07,16,spotify:artist:0k17h0D3J5VfsdmQ1iZtE9
5c1ZTzT4oSkiiFS4wmEuOe,Atom Heart Mother (2011 Remastered Version),1970-10-02,5,spotify:artist:0k17h0D3J5VfsdmQ1iZtE9
2cUpAOlQjV5uSjkWj5bEQY,Atom Heart Mother,1970-10-05,5,spotify:artist:0k17h0D3J5VfsdmQ1iZtE9
7yKRvvqspSxfLkr7C7RaAI,Meddle (2011 Remastered Version),1971-11-05,6,spotify:artist:0k17h0D3J5VfsdmQ1iZtE9
468ZwCchVtzEbt9BHmXopb,Meddle,1971-11-11,6,spotify:artist:0k17h0D3J5VfsdmQ1iZtE9
6BXvyBEwsLRRWUZPZKpwKh,"Live At Carnegie Hall, New York, 2 May 1972",1972-02-05,4,spotify:artist:0k17h0D3J5VfsdmQ1iZtE9
3ve2g9pWzeQmmTQbQd0xVP,Live At The Rainbow Theatre 17 February 1972,1972-02-17,15,spotify:artist:0k17h0D3J5VfsdmQ1iZtE9
1OyZEfcxIp4m07LWSfI2AN,Live At The Rainbow Theatre 18 February 1972,1972-02-18,17,spotify:artist:0k17h0D3J5VfsdmQ1iZtE9
17VpBdzNun7b8QWw1KBp8k,Live At The Rainbow Theatre 19 February 1972,1972-02-19,15,spotify:artist:0k17h0D3J5VfsdmQ1iZtE9
1LfChSo7wpPmEXxvDxY2F4,Live At The Rainbow Theatre 20 February 1972,1972-02-20,16,spotify:artist:0k17h0D3J5VfsdmQ1iZtE9
27UBlFyVjgYJfLCGTZV6Mr,"Live At The Taiikukan, Tokyo 03 March 1972",1972-03-03,14,spotify:artist:0k17h0D3J5VfsdmQ1iZtE9
2zDDAAnc0haMWze6qxkW89,Live At Osaka Festival Hall 08 March 1972,1972-03-08,14,spotify:artist:0k17h0D3J5VfsdmQ1iZtE9
77NxAHr4mnI6gzWQqQcwMX,"Live At Nakajima Sports Centre, Sapporo 13 March 1972",1972-03-13,12,spotify:artist:0k17h0D3J5VfsdmQ1iZtE9
15SkpGGs9As5iZds8IfvmN,"Live At Chicago Auditorium Theatre, USA, 28 April 1972",1972-04-28,10,spotify:artist:0k17h0D3J5VfsdmQ1iZtE9
2f1LhCX3Vb7ytuZXLhJESl,"Live At The Deutschlandhalle, Berlin 18 May 1972",1972-05-18,14,spotify:artist:0k17h0D3J5VfsdmQ1iZtE9
3HZKOTmpigZcWHxACjENyh,Obscured By Clouds (2011 Remastered Version),1972-06-02,10,spotify:artist:0k17h0D3J5VfsdmQ1iZtE9
00BBpx0gG4KfQtxSJBPKUZ,Obscured by Clouds,1972-06-03,10,spotify:artist:0k17h0D3J5VfsdmQ1iZtE9
3fgH7VX5q0VLOp0U5HYzBd,"Live At The Hollywood Bowl, Los Angeles, 22 Sept 1972",1972-09-22,14,spotify:artist:0k17h0D3J5VfsdmQ1iZtE9
1stxrIQBAgZY2qZKxTgChi,"Live At The Empire Pool, Wembley 21 Oct 1972",1972-10-21,15,spotify:artist:0k17h0D3J5VfsdmQ1iZtE9
0T98lWMa8vjeYI8ht6wt1h,Alternative Tracks 1972,1972-11-06,5,spotify:artist:0k17h0D3J5VfsdmQ1iZtE9
3xzFQx1eyE6MvQnXfZmk3e,"Live At Ernst-Merck Halle, Hamburg 12 Nov 1972",1972-11-12,14,spotify:artist:0k17h0D3J5VfsdmQ1iZtE9
2Mtm8rqhAD6Nmjy7s8ryLp,"Live At The Palais des Sports, Poiters, France Concert 29 Nov 1972",1972-11-29,11,spotify:artist:0k17h0D3J5VfsdmQ1iZtE9
2X8alJF42labl2nkppH3kl,"Live At The Palais des Sports de L’Ile de la Jatte, Saint Ouen, France, 1 Dec 1972",1972-12-01,13,spotify:artist:0k17h0D3J5VfsdmQ1iZtE9
7IvTa8r979eVmwMm93jKfq,"Live At The Vorst Nationaal, Brussels, Belgium, 5 Dec 1972",1972-12-05,14,spotify:artist:0k17h0D3J5VfsdmQ1iZtE9
6YWT6P2D73dx93M7CNq5QC,"Live At The Hallenstadion, Zurich, Switzerland 9 Dec 1972",1972-12-09,5,spotify:artist:0k17h0D3J5VfsdmQ1iZtE9
4LH4d3cOWNNsVw41Gqt2kv,The Dark Side of the Moon,1973-03-01,10,spotify:artist:0k17h0D3J5VfsdmQ1iZtE9
2WT1pbYjLJciAR26yMebkH,The Dark Side Of The Moon (2011 Remastered Version),1973-03-01,10,spotify:artist:0k17h0D3J5VfsdmQ1iZtE9
6uvBKDGlJAYLH5Vy6RQVsc,Wish You Were Here (Remastered Version),1975-09-12,5,spotify:artist:0k17h0D3J5VfsdmQ1iZtE9
0bCAjiUamIFqKJsekOYuRw,Wish You Were Here,1975-09-12,5,spotify:artist:0k17h0D3J5VfsdmQ1iZtE9
21jUB9RqplD6OqtsTjKBnO,Animals (2011 Remastered Version),1977-01-21,5,spotify:artist:0k17h0D3J5VfsdmQ1iZtE9
3b4E89rxzZQ9zkhgKpj8N4,Animals,1977-01-23,5,spotify:artist:0k17h0D3J5VfsdmQ1iZtE9
6WaIQHxEHtZL0RZ62AuY0g,The Wall (Remastered),1979-11-30,26,spotify:artist:0k17h0D3J5VfsdmQ1iZtE9
5Dbax7G8SWrP9xyzkOvy2F,The Wall,1979-11-30,26,spotify:artist:0k17h0D3J5VfsdmQ1iZtE9
5ChHkKb5VhZe0pgQRsvpek,The Final Cut (2011 Remastered Version),1983-03-21,13,spotify:artist:0k17h0D3J5VfsdmQ1iZtE9
1yMenUMOx7BpfTDuVQs99y,The Final Cut,1983-03-21,13,spotify:artist:0k17h0D3J5VfsdmQ1iZtE9
1tWgv9v78StWukBRBVNyxA,A Momentary Lapse Of Reason (2011 Remastered Version),1987-09-07,11,spotify:artist:0k17h0D3J5VfsdmQ1iZtE9
2jF5PAfwy1IFCJs4zBnedu,A Momentary Lapse of Reason,1987-09-08,11,spotify:artist:0k17h0D3J5VfsdmQ1iZtE9
45uNWPJUtdxscj6QxOizZN,Delicate Sound Of Thunder,1988-11-21,15,spotify:artist:0k17h0D3J5VfsdmQ1iZtE9
4Iy1JP7YE0d256eCwn3VJA,Delicate Sound of Thunder (Live),1988-11-22,15,spotify:artist:0k17h0D3J5VfsdmQ1iZtE9
5F0IQXuHfTV7SBvZVnXERl,The Division Bell,1994,11,spotify:artist:0k17h0D3J5VfsdmQ1iZtE9
7wzStEU2keGohEu8jpVMZW,The Division Bell (2011 Remastered Version),1994-03-28,11,spotify:artist:0k17h0D3J5VfsdmQ1iZtE9
7iLuEbxvxepyHp4yfVfiut,Pulse,1995,24,spotify:artist:0k17h0D3J5VfsdmQ1iZtE9
1uSpngQgBBgwRFYS5sOdqI,Pulse (Live),1995-05-29,25,spotify:artist:0k17h0D3J5VfsdmQ1iZtE9
74tqjrWZBNwQz4LMzal2eN,"Pulse (Live, 2018 Remaster)",1995-05-29,25,spotify:artist:0k17h0D3J5VfsdmQ1iZtE9
0yU7VItpGPmPcvKmwLg0JT,The Endless River,2014-11-10,21,spotify:artist:0k17h0D3J5VfsdmQ1iZtE9
7xDOrDxu4nWQ3ijI5Nr7fk,The Later Years: 1987-2019,2019-11-29,12,spotify:artist:0k17h0D3J5VfsdmQ1iZtE9
5S6piLR8OYNymGIApEC6k4,The Later Years 1987-2019,2019-11-29,12,spotify:artist:0k17h0D3J5VfsdmQ1iZtE9
619Oth6zcoYKqotDbRPRpn,The Later Years,2019-12-13,46,spotify:artist:0k17h0D3J5VfsdmQ1iZtE9
7DPoLqwNXzCTBpI1jrqjtv,Delicate Sound Of Thunder (2019 Remix; Live),2019-12-13,23,spotify:artist:0k17h0D3J5VfsdmQ1iZtE9
6meTeyQ2OwE0TQNPKoVqnY,A Momentary Lapse Of Reason (2019 Remix),2019-12-13,11,spotify:artist:0k17h0D3J5VfsdmQ1iZtE9
2lK80Nb29iqCzaRiERvNDS,Delicate Sound of Thunder (2019 Remix) [Live],2020-11-20,23,spotify:artist:0k17h0D3J5VfsdmQ1iZtE9
3hlRTl7wuUk2O3PI1RTvsN,Live at Knebworth 1990,2021-04-30,7,spotify:artist:0k17h0D3J5VfsdmQ1iZtE9
1NtBP8apWQHu9Sa4WJ7C3l,A Momentary Lapse of Reason (2019 Remix),2021-10-19,11,spotify:artist:0k17h0D3J5VfsdmQ1iZtE9
1zCYX95X6vrMSa2KTKHUTD,Animals (2018 Remix),2022-09-16,5,spotify:artist:0k17h0D3J5VfsdmQ1iZtE9
6CVqKOQkHlK1lRWlOnLkXs,Taxman (2022 Mix),2022-09-07,1,spotify:artist:3WrFJ7ztbogyGnTHbHJFl2
18APowO2TyprdjVvH9NDtM,Tomorrow Never Knows (Take 1),2022-09-30,1,spotify:artist:3WrFJ7ztbogyGnTHbHJFl2
0gIcdrmt5yylAhNwrA0UaH,Revolver Sessions,2022-10-21,2,spotify:artist:3WrFJ7ztbogyGnTHbHJFl2
3KzAvEXcqJKBF97HrXwlgf,Please Please Me (Remastered),1963-03-22,14,spotify:artist:3WrFJ7ztbogyGnTHbHJFl2
1aYdiJk6XKeHWGO3FzHHTr,With The Beatles (Remastered),1963-11-22,14,spotify:artist:3WrFJ7ztbogyGnTHbHJFl2
6wCttLq0ADzkPgtRnUihLV,A Hard Day's Night (Remastered),1964-07-10,13,spotify:artist:3WrFJ7ztbogyGnTHbHJFl2
1vANZV20H5B4Fk6yf7Ot9a,Beatles For Sale (Remastered),1964-12-04,14,spotify:artist:3WrFJ7ztbogyGnTHbHJFl2
0PT5m6hwPRrpBwIHVnvbFX,Help! (Remastered),1965-08-06,14,spotify:artist:3WrFJ7ztbogyGnTHbHJFl2
50o7kf2wLwVmOTVYJOTplm,Rubber Soul (Remastered),1965-12-03,14,spotify:artist:3WrFJ7ztbogyGnTHbHJFl2
3PRoXYsngSwjEQWR5PsHWR,Revolver (Remastered),1966-08-05,14,spotify:artist:3WrFJ7ztbogyGnTHbHJFl2
1ntNLgaYCFCkeW4flGYlY2,Sgt. Pepper's Lonely Hearts Club Band (Super Deluxe Edition),1967-05-26,65,spotify:artist:3WrFJ7ztbogyGnTHbHJFl2
6QaVfG1pHYl1z15ZxkvVDW,Sgt. Pepper's Lonely Hearts Club Band (Remastered),1967-06-01,13,spotify:artist:3WrFJ7ztbogyGnTHbHJFl2
2gUfkZ9jhhYinKIunu7wxo,Sgt. Pepper's Lonely Hearts Club Band (Deluxe Edition),1967-06-01,31,spotify:artist:3WrFJ7ztbogyGnTHbHJFl2
2BtE7qm1qzM80p9vLSiXkj,Magical Mystery Tour (Remastered),1967-11-27,11,spotify:artist:3WrFJ7ztbogyGnTHbHJFl2
1klALx0u4AavZNEvC4LrTL,The Beatles (Remastered),1968-11-22,30,spotify:artist:3WrFJ7ztbogyGnTHbHJFl2
1gKZ5A1ndFqbcrWtW85cCy,Yellow Submarine (Remastered),1969-01-17,13,spotify:artist:3WrFJ7ztbogyGnTHbHJFl2
0ETFjACtuP2ADo6LFhL6HN,Abbey Road (Remastered),1969-09-26,17,spotify:artist:3WrFJ7ztbogyGnTHbHJFl2
0jTGHV5xqHPvEcwL8f6YU5,Let It Be (Remastered),1970-05-08,12,spotify:artist:3WrFJ7ztbogyGnTHbHJFl2
2EowTulHWqSY6QZfTDf5vW,Live At The BBC (Remastered),1994-11-30,71,spotify:artist:3WrFJ7ztbogyGnTHbHJFl2
7vEJAtP3KgKSpOHVgwm3Eh,1 (Remastered),2000-11-13,27,spotify:artist:3WrFJ7ztbogyGnTHbHJFl2
4On0Hf7VJC1jz5gXY2cU8p,On Air - Live At The BBC (Vol.2),2013-11-11,63,spotify:artist:3WrFJ7ztbogyGnTHbHJFl2
0XRZpF083HqgygM0v1hQyE,Yellow Submarine Songtrack,2014-01-01,15,spotify:artist:3WrFJ7ztbogyGnTHbHJFl2
4KYcffwC5HgjJLdpQU9SjC,Let It Be... Naked (Remastered),2014-01-01,11,spotify:artist:3WrFJ7ztbogyGnTHbHJFl2
0n9SWDBEftKwq09B01Pwzw,Live At The Hollywood Bowl,2016-09-09,17,spotify:artist:3WrFJ7ztbogyGnTHbHJFl2
1WMVvswNzB9i2UMh9svso5,The Beatles,2018-11-09,107,spotify:artist:3WrFJ7ztbogyGnTHbHJFl2
5iT3F2EhjVQVrO4PKhsP8c,Abbey Road (Super Deluxe Edition),2019-09-27,40,spotify:artist:3WrFJ7ztbogyGnTHbHJFl2
1BdxbYp1FaNejpDgtDo25V,Let It Be (Super Deluxe),2021-10-15,57,spotify:artist:3WrFJ7ztbogyGnTHbHJFl2
6emgUTDksZyhhWmtjM9FCs,Get Back (Rooftop Performance),2022-01-28,10,spotify:artist:3WrFJ7ztbogyGnTHbHJFl2
7C221PnWhYGv8Tc0xSbfdc,Revolver (Super Deluxe),2022-10-28,63,spotify:artist:3WrFJ7ztbogyGnTHbHJFl2
2ElX3dDgmZf7crvaz21Uzp,Five by Five,1964-08-14,5,spotify:artist:22bE4uQ6baNwSHPVcDxLCe
59wVc8ftsYnaGSwIJ074Tm,I'm Free (Remixes),1965-09-01,5,spotify:artist:22bE4uQ6baNwSHPVcDxLCe
4D57Jzcj0wbCZSZZPpppSO,"Paint It, Black / Stupid Girl / Long Long While",1966-05-07,3,spotify:artist:22bE4uQ6baNwSHPVcDxLCe
01Q9dXEGw845yP6ykJZX5I,Got Live If You Want It!,1966-12-10,6,spotify:artist:22bE4uQ6baNwSHPVcDxLCe
1FZH17lW6K4vMCSCkUfMcq,Sympathy For The Devil Remix,2003-01-01,7,spotify:artist:22bE4uQ6baNwSHPVcDxLCe
6qCFGMxOfCKZ8yDyYawAj6,You Can't Always Get What You Want (Soulwax Remix),2008-02-19,1,spotify:artist:22bE4uQ6baNwSHPVcDxLCe
3dtpSFu4RvieYVbVHzLaCj,Wild Horses,2009-01-01,2,spotify:artist:22bE4uQ6baNwSHPVcDxLCe
1cQSQgT2n7V6DJFGLvOSIC,Plundered My Soul,2010-01-01,2,spotify:artist:22bE4uQ6baNwSHPVcDxLCe
0TW71vX2044OuZRZW4aSUh,All Down The Line (Alternate Take),2010-01-01,1,spotify:artist:22bE4uQ6baNwSHPVcDxLCe
01Jvg1YgLV8jMO7Xnpqg0H,Undercover Of The Night (Live),2011-01-01,1,spotify:artist:22bE4uQ6baNwSHPVcDxLCe
1QEfSdaa1a3mg9ktNYAaF5,So Young,2011-01-01,1,spotify:artist:22bE4uQ6baNwSHPVcDxLCe
7qtUopXU8YIdrOScDWi3R5,No Spare Parts,2011-01-01,2,spotify:artist:22bE4uQ6baNwSHPVcDxLCe
25Ap2xteu2wODd69qYre3W,Doom And Gloom (Jeff Bhasker Mix),2012-01-01,1,spotify:artist:22bE4uQ6baNwSHPVcDxLCe
0hKgBMuH1YGsuB0O2hEPs8,Doom And Gloom (Benny Benassi Remix),2012-01-01,1,spotify:artist:22bE4uQ6baNwSHPVcDxLCe
3J7MdrfzVZuf9KyO1WAbGN,Wild Horses (Acoustic Version),2015-03-31,1,spotify:artist:22bE4uQ6baNwSHPVcDxLCe
3fSAnMkxpG3jyDFubmvhKB,Can't You Hear Me Knocking (Alternate Version),2015-04-28,1,spotify:artist:22bE4uQ6baNwSHPVcDxLCe
77ZD9voefiAThAXeIUZxLP,Bitch (Extended Version),2015-05-05,1,spotify:artist:22bE4uQ6baNwSHPVcDxLCe
7urdWFiORN0QEGKOL0SSSp,Dead Flowers (Alternate Version),2015-05-27,1,spotify:artist:22bE4uQ6baNwSHPVcDxLCe
1pI5HaFSjWnTLX0CBSt1hO,Brown Sugar,2015-06-02,1,spotify:artist:22bE4uQ6baNwSHPVcDxLCe
7sHDMklziKDRZOtP6rNMj0,Come On (Saturday Club / 1963),2017-10-06,1,spotify:artist:22bE4uQ6baNwSHPVcDxLCe
2hybSqNHngLkt6O8oF0SX1,(I Can't Get No) Satisfaction [Saturday Club / 1965],2017-10-27,1,spotify:artist:22bE4uQ6baNwSHPVcDxLCe
6Q4SPEqXljrqMk0VZWSxs9,Roll Over Beethoven (Saturday Club / 1963),2017-11-24,1,spotify:artist:22bE4uQ6baNwSHPVcDxLCe
5nQxmcLWWONUsfkyXVAwwk,Tumbling Dice (Live),2018-06-08,1,spotify:artist:22bE4uQ6baNwSHPVcDxLCe
1ieEaWm7L8GzenES1Tyrt1,Honky Tonk Women (Live),2018-07-06,1,spotify:artist:22bE4uQ6baNwSHPVcDxLCe
3ySN2G13fVXvndb79YSy0p,Street Fighting Man (50th Anniversary Edition / Remastered 2018),2018-10-03,1,spotify:artist:22bE4uQ6baNwSHPVcDxLCe
3sCtAD3YxPyJKUIKmmevR5,You Got Me Rocking (Live),2018-10-12,1,spotify:artist:22bE4uQ6baNwSHPVcDxLCe
7JSFDcPoOlNph4mXcC8OQY,I Go Wild (Live),2018-10-26,1,spotify:artist:22bE4uQ6baNwSHPVcDxLCe
5Xw8WI9363TkwROhHlQGOq,Street Fighting Man (Live),2018-11-09,1,spotify:artist:22bE4uQ6baNwSHPVcDxLCe
6oFyepIPueCTv6V1KdB5cJ,Parachute Woman (50th Anniversary Edition / Remastered 2018),2018-11-09,1,spotify:artist:22bE4uQ6baNwSHPVcDxLCe
4pvEtGNJKus7ILc7pRHpu9,Parachute Woman (Live),2019-04-30,1,spotify:artist:22bE4uQ6baNwSHPVcDxLCe
3O3j5iWU94D0mX6WTKjBBf,Like A Rolling Stone (Live),2019-05-24,1,spotify:artist:22bE4uQ6baNwSHPVcDxLCe
37P1WTsaYLB5RoIG8eBiaK,Out Of Control,2019-06-07,1,spotify:artist:22bE4uQ6baNwSHPVcDxLCe
138YixSbT2NeSw8S1HpmUV,(I Can't Get No) Satisfaction [Live],2019-06-14,1,spotify:artist:22bE4uQ6baNwSHPVcDxLCe
52SOsqd4IxYD1W9zDs2KOO,Monkey Man (50th Anniversary Edition / Remastered 2019),2019-09-11,1,spotify:artist:22bE4uQ6baNwSHPVcDxLCe
7bqKFqybdKGVVkILkltbl0,You Can't Always Get What You Want (Live),2019-10-04,1,spotify:artist:22bE4uQ6baNwSHPVcDxLCe
1xflNUYaDMIp4usSexqKje,Saint Of Me (Live),2019-10-18,1,spotify:artist:22bE4uQ6baNwSHPVcDxLCe
67Hs2nhPblac8fu73jyWhq,Jumpin’ Jack Flash,2019-11-01,1,spotify:artist:22bE4uQ6baNwSHPVcDxLCe
1bp4Aq0SnjhifrYaKbfSdS,Honky Tonk Women / You Can't Always Get What You Want,2019-11-29,4,spotify:artist:22bE4uQ6baNwSHPVcDxLCe
78s6su3Cox4tVqNi6uTuCR,Living In A Ghost Town,2020-04-23,1,spotify:artist:22bE4uQ6baNwSHPVcDxLCe
4xCqZR98seMndZDy9iZrXA,Living In A Ghost Town (Alok Remix),2020-05-15,1,spotify:artist:22bE4uQ6baNwSHPVcDxLCe
2efyr0GTqiToGp08jpdtJJ,Criss Cross,2020-07-09,1,spotify:artist:22bE4uQ6baNwSHPVcDxLCe
3bnV6VdpZEv53cwujGsT4u,Scarlet,2020-08-04,1,spotify:artist:22bE4uQ6baNwSHPVcDxLCe
6XfJ41lllkayKo2ZZN7BUG,Scarlet (The War On Drugs Remix),2020-08-14,1,spotify:artist:22bE4uQ6baNwSHPVcDxLCe
3j1pIiULoxjMm8H6eDIGgh,Scarlet (The Killers & Jacques Lu Cont Remix),2020-08-28,1,spotify:artist:22bE4uQ6baNwSHPVcDxLCe
0ZVb7BLZuvx9ZZebd9i3lu,She's A Rainbow / Dandelion / We Love You,2020-10-09,3,spotify:artist:22bE4uQ6baNwSHPVcDxLCe
10OB4Z0KBJtCayAX7Gk57m,Jumpin' Jack Flash / Child Of The Moon,2021-05-28,2,spotify:artist:22bE4uQ6baNwSHPVcDxLCe
1hLMlv26CafoInQ6phsFNd,Living In The Heart Of Love,2021-08-19,1,spotify:artist:22bE4uQ6baNwSHPVcDxLCe
5zcTS2qFEUcTiDxEvLg4sR,Troubles A’ Comin,2021-09-30,1,spotify:artist:22bE4uQ6baNwSHPVcDxLCe
4DubauhhRb8ZZoAWycNzZ4,Love Songs,2022-02-11,6,spotify:artist:22bE4uQ6baNwSHPVcDxLCe
5tZjCv6dMXK6Y53RDSIhu0,Everybody Needs Somebody To Love,2022-03-11,6,spotify:artist:22bE4uQ6baNwSHPVcDxLCe
1LNkP9TVG6KSk5wbXwbcM3,It’s Only Rock ’N’ Roll (But I Like It) / Rip This Joint [Live At The El Mocambo 1977],2022-03-25,2,spotify:artist:22bE4uQ6baNwSHPVcDxLCe
4oJx1yVKrT7cKoS2dvpCLk,Tumbling Dice / Hot Stuff (Live At The El Mocambo 1977),2022-05-06,2,spotify:artist:22bE4uQ6baNwSHPVcDxLCe
3JgVkwwVWwJYg8bdjNdwLW,That's How Strong My Love Is,2022-09-23,6,spotify:artist:22bE4uQ6baNwSHPVcDxLCe
68Nu9u2ELOiK4dTpTUoNH4,Confessin' The Blues (Influences - Vol. 1),2022-11-18,6,spotify:artist:22bE4uQ6baNwSHPVcDxLCe
48gYTonBHApTBlLkJ6fsPL,Happy (Live),2022-12-02,1,spotify:artist:22bE4uQ6baNwSHPVcDxLCe
1Es6jHVmRXPWcpMFz6exT4,It's Only Rock 'n' Roll (But I Like It) [Live],2022-12-16,1,spotify:artist:22bE4uQ6baNwSHPVcDxLCe
6bqko5Y7uBR35iyicnoY6t,Wild Horses (Live),2023-01-06,1,spotify:artist:22bE4uQ6baNwSHPVcDxLCe
06d6lwIaJvpbSBxVuIlUDQ,I'm A King Bee (Influences - Vol. 2),2023-01-20,6,spotify:artist:22bE4uQ6baNwSHPVcDxLCe
0bJMFJ2XQwpO5nKTrYdUtX,The Rolling Stones,1964-04-16,12,spotify:artist:22bE4uQ6baNwSHPVcDxLCe
5uS6pMwpbNgsnzNanhr6t5,England's Newest Hit Makers,1964-05-30,12,spotify:artist:22bE4uQ6baNwSHPVcDxLCe
5efoVI6WIhxLCIrbZuxwBu,England’s Newest Hitmakers,1964-05-30,12,spotify:artist:22bE4uQ6baNwSHPVcDxLCe
2Hnje5QVKaPVNuGJ5yHC7Z,12 X 5,1964-10-17,12,spotify:artist:22bE4uQ6baNwSHPVcDxLCe
50HsuNCb1ruT3TiD1FtyqI,12 x 5,1964-10-17,12,spotify:artist:22bE4uQ6baNwSHPVcDxLCe
0MDhZ0yRkugNEg7PmMMUE8,The Rolling Stones No. 2,1965-01-15,12,spotify:artist:22bE4uQ6baNwSHPVcDxLCe
592dKHbXtiglWyt8AEet23,"The Rolling Stones, Now!",1965-02-13,12,spotify:artist:22bE4uQ6baNwSHPVcDxLCe
74efMk7JPAglrnEPlBa2DN,Now!,1965-02-13,12,spotify:artist:22bE4uQ6baNwSHPVcDxLCe
4ODlRs61uBFoP7HspXs1je,Out Of Our Heads (UK),1965-07-30,12,spotify:artist:22bE4uQ6baNwSHPVcDxLCe
5O53UjCgMgAvCsMIzkGd6O,Out Of Our Heads (UK Sequence),1965-07-30,12,spotify:artist:22bE4uQ6baNwSHPVcDxLCe
2Q5MwpTmtjscaS34mJFXQQ,Out Of Our Heads,1965-07-30,12,spotify:artist:22bE4uQ6baNwSHPVcDxLCe
7KMcRZOrMZmbPLLGsopygh,Out Of Our Heads (US Sequence),1965-07-30,12,spotify:artist:22bE4uQ6baNwSHPVcDxLCe
4TqcnEOAwKqqLzVuLbqITl,December's Children (and everybody's),1965-12-04,12,spotify:artist:22bE4uQ6baNwSHPVcDxLCe
2p2xSwHP4rTPzNCaOveDIP,December’s Children (And Everybody’s),1965-12-04,12,spotify:artist:22bE4uQ6baNwSHPVcDxLCe
162GL2nLEgFLSAig35J7OZ,Aftermath (UK Version),1966-04-15,14,spotify:artist:22bE4uQ6baNwSHPVcDxLCe
72qrnM4yUNMDDlWiqKc8iY,Aftermath,1966-04-15,11,spotify:artist:22bE4uQ6baNwSHPVcDxLCe
4WDkr1K4fZSPpS2qxRhRUm,got LIVE if you want it!,1966-12-10,12,spotify:artist:22bE4uQ6baNwSHPVcDxLCe
5B5p7TDhEYryeuAWrcYvOR,Got Live if you want it!,1966-12-10,12,spotify:artist:22bE4uQ6baNwSHPVcDxLCe
6zUGj6iIU30nuPTEoqbD9n,Between The Buttons (UK Version),1967-01-20,12,spotify:artist:22bE4uQ6baNwSHPVcDxLCe
4nNR2DXsSrVmi17YzKufgV,Between The Buttons,1967-01-20,12,spotify:artist:22bE4uQ6baNwSHPVcDxLCe
27wrSa8Ojd5lJMnvRMZ02F,Between The Buttons (US track listing),1967-01-20,12,spotify:artist:22bE4uQ6baNwSHPVcDxLCe
6xhWBY6Xu2nVnX7O8AJKJ1,Flowers,1967-06-26,12,spotify:artist:22bE4uQ6baNwSHPVcDxLCe
2SE7fs002NlNc3cw3SQLRC,Their Satanic Majesties Request (50th Anniversary Special Edition / Remastered),1967-12-08,20,spotify:artist:22bE4uQ6baNwSHPVcDxLCe
1EsawdVONX3m9f9PLhuzS5,Their Satanic Majesties Request,1967-12-08,10,spotify:artist:22bE4uQ6baNwSHPVcDxLCe
6OHri5qNxwCdVSdyCslspd,Beggars Banquet (50th Anniversary Edition),1968-12-06,10,spotify:artist:22bE4uQ6baNwSHPVcDxLCe
14K2lQE428avC6lVb8Y7HM,Beggars Banquet,1968-12-06,10,spotify:artist:22bE4uQ6baNwSHPVcDxLCe
1WKYOtngX8Hiwi3VhYBQsv,Let It Bleed,1969-12-05,9,spotify:artist:22bE4uQ6baNwSHPVcDxLCe
47hOpZQfXVIRzTiv0Ef8pO,Let It Bleed (50th Anniversary Edition / Remastered 2019),1969-12-05,9,spotify:artist:22bE4uQ6baNwSHPVcDxLCe
2EPa1og1S4URMd6mEpU9uJ,Get Yer Ya-Ya's Out! The Rolling Stones In Concert (40th Anniversary Edition),1970-09-04,27,spotify:artist:22bE4uQ6baNwSHPVcDxLCe
4suYsHGYvk6fnJPHiODljd,Get Yer Ya-Ya's Out! (Remastered),1970-09-04,10,spotify:artist:22bE4uQ6baNwSHPVcDxLCe
1v62aWz543yADDQeKOKGt8,Get Yer Ya Yas Out,1970-09-04,10,spotify:artist:22bE4uQ6baNwSHPVcDxLCe
0ucOpNNckY0op5B1yfW6pv,Sticky Fingers (Super Deluxe),1971-04-23,33,spotify:artist:22bE4uQ6baNwSHPVcDxLCe
5t59EkgjG0CEwuiCCQRkOj,Sticky Fingers (Deluxe),1971-04-23,20,spotify:artist:22bE4uQ6baNwSHPVcDxLCe
29m6DinzdaD0OPqWKGyMdz,Sticky Fingers (Remastered),1971-04-23,10,spotify:artist:22bE4uQ6baNwSHPVcDxLCe
4flw1L8widdDehQ4BYHQvO,Jamming With Edward,1972-01-07,6,spotify:artist:22bE4uQ6baNwSHPVcDxLCe
1D0PTM0bg7skufClSUOxTP,Exile On Main Street (Deluxe Version),1972-05-12,28,spotify:artist:22bE4uQ6baNwSHPVcDxLCe
0RpzdGAfWaFnqT3nkoyaYY,Exile On Main Street (Bonus Track Version),1972-05-12,29,spotify:artist:22bE4uQ6baNwSHPVcDxLCe
5U4dnRZsfW8NmwBBkELFPh,Exile On Main Street (2010 Re-Mastered),1972-05-12,18,spotify:artist:22bE4uQ6baNwSHPVcDxLCe
5EyVkVEXAvDKv1MNnO106a,Goats Head Soup,1973-08-31,10,spotify:artist:22bE4uQ6baNwSHPVcDxLCe
6iVOz2hudE6dv5Yrcsw2c9,Goats Head Soup (Remastered 2009),1973-08-31,10,spotify:artist:22bE4uQ6baNwSHPVcDxLCe
4jCpSNa8dV40aMrHOshRdv,It's Only Rock 'N' Roll (2009 Re-Mastered),1974-10-18,10,spotify:artist:22bE4uQ6baNwSHPVcDxLCe
1GlL9kcOGE2qq6IDOOqSQ5,It's Only Rock 'N' Roll,1974-10-18,10,spotify:artist:22bE4uQ6baNwSHPVcDxLCe
54j9aA4jqWxLSETeUEyVnI,Black And Blue,1976-04-23,8,spotify:artist:22bE4uQ6baNwSHPVcDxLCe
2jtHqgzKfoF8uVvEosb6Jl,Black And Blue (Remastered 2009),1976-04-23,8,spotify:artist:22bE4uQ6baNwSHPVcDxLCe
1u8xCtfjD454V2i6Tr64y6,Love You Live (Remastered 2009),1977-09-23,18,spotify:artist:22bE4uQ6baNwSHPVcDxLCe
44j7uqnQ5skaudg7Glc6Pj,Love You Live (Remastered),1977-09-23,18,spotify:artist:22bE4uQ6baNwSHPVcDxLCe
6FjXxl9VLURGuubdXUn2J3,Some Girls (Deluxe Version),1978-06-09,22,spotify:artist:22bE4uQ6baNwSHPVcDxLCe
1Jv2AqzhgsduUik2p4k3cS,Some Girls,1978-06-09,10,spotify:artist:22bE4uQ6baNwSHPVcDxLCe
2hEUJZyCyY4qzxSJf390wR,Emotional Rescue,1980-06-20,10,spotify:artist:22bE4uQ6baNwSHPVcDxLCe
5mEjFOLcBs94wSchOtMCTB,Emotional Rescue (2009 Re-Mastered),1980-06-20,10,spotify:artist:22bE4uQ6baNwSHPVcDxLCe
15XNBzVWARPMlu0sEbfBjJ,Tattoo You (2009 Re-Mastered),1981-08-24,11,spotify:artist:22bE4uQ6baNwSHPVcDxLCe
0kWvnaTXuFelO0jogSSD7t,Still Life,1982-06-01,12,spotify:artist:22bE4uQ6baNwSHPVcDxLCe
7qHKiPqv019NfMrTak7U2s,Undercover,1983-11-07,10,spotify:artist:22bE4uQ6baNwSHPVcDxLCe
6Dee9XTTIUh5zXRUguuC40,Undercover (2009 Re-Mastered),1983-11-07,10,spotify:artist:22bE4uQ6baNwSHPVcDxLCe
6Xui7Ex7Qs5CafFQnWeR6w,Dirty Work (Remastered 2009),1986-03-24,11,spotify:artist:22bE4uQ6baNwSHPVcDxLCe
7nzBVo5hutVFrlYA6q7gtu,Dirty Work,1986-03-24,11,spotify:artist:22bE4uQ6baNwSHPVcDxLCe
5WbR47hzwoNAC3AL0xKDl2,Steel Wheels,1989-08-29,12,spotify:artist:22bE4uQ6baNwSHPVcDxLCe
7yUBkHdrxKHn4a3QhrfEj4,Steel Wheels (Remastered 2009),1989-08-29,12,spotify:artist:22bE4uQ6baNwSHPVcDxLCe
7xsPogEXCFMj9Ilaxaa05x,Flashpoint,1991-04-02,17,spotify:artist:22bE4uQ6baNwSHPVcDxLCe
3oyjbpNQs5Qm5DNVJW4AlV,Voodoo Lounge (Remastered 2009),1994-07-11,15,spotify:artist:22bE4uQ6baNwSHPVcDxLCe
4m63JrOqm3Q7T2GoRCI7LD,Stripped,1995-01-13,14,spotify:artist:22bE4uQ6baNwSHPVcDxLCe
7meD8GzfMItfgmEa8lmfcs,Bridges To Babylon,1997-09-29,13,spotify:artist:22bE4uQ6baNwSHPVcDxLCe
6lbQFxYqubkf4GbEtXARE7,Bridges To Babylon (Remastered),1997-09-29,13,spotify:artist:22bE4uQ6baNwSHPVcDxLCe
1nn5V9cDuMRowvsoz5cSNf,Live Licks,2004-11-01,23,spotify:artist:22bE4uQ6baNwSHPVcDxLCe
5zqveAALqLpkXgPLyYItRV,A Bigger Bang (2009 Re-Mastered),2005-09-05,16,spotify:artist:22bE4uQ6baNwSHPVcDxLCe
6GXsWYpplfx8n7b1OMlU7n,Some Girls: Live In Texas '78,2011-11-21,17,spotify:artist:22bE4uQ6baNwSHPVcDxLCe
0SLzwxGYeOdJYbjxbE9plW,Live At The Checkerboard Lounge,2012-07-09,21,spotify:artist:22bE4uQ6baNwSHPVcDxLCe
2Jps53V1q9huwJl6VU8FMP,Live 1965: Music From Charlie Is My Darling (Live From England/1965),2012-11-06,13,spotify:artist:22bE4uQ6baNwSHPVcDxLCe
45HGPa6g6Kn7PBdzeEujUV,Totally Stripped - Paris (Live),2016-05-20,22,spotify:artist:22bE4uQ6baNwSHPVcDxLCe
1I4PYVYWsa22ELVcjCszrx,Totally Stripped (Live),2016-06-03,14,spotify:artist:22bE4uQ6baNwSHPVcDxLCe
0onAk78OVYTxvv4C0aQKbT,Totally Stripped - Amsterdam (Live),2016-06-03,20,spotify:artist:22bE4uQ6baNwSHPVcDxLCe
1VrLRiJr8IRb1j8Xbg02QT,Totally Stripped - Brixton (Live),2016-06-06,22,spotify:artist:22bE4uQ6baNwSHPVcDxLCe
2VUSQpZEZRVfPt8NWas33D,Havana Moon (Live),2016-11-11,18,spotify:artist:22bE4uQ6baNwSHPVcDxLCe
43TJjpNBfw0qY6E87VeIxX,Blue & Lonesome,2016-12-02,12,spotify:artist:22bE4uQ6baNwSHPVcDxLCe
4HyWoDiB0WBli84AIZK8nn,Ladies & Gentlemen (Live),2017-06-16,16,spotify:artist:22bE4uQ6baNwSHPVcDxLCe
0F4aHTeOnqaO62ZvlUOGKJ,Sticky Fingers Live At The Fonda Theatre,2017-09-29,16,spotify:artist:22bE4uQ6baNwSHPVcDxLCe
6inOkfdsIBoGyRtR3O8Gwj,On Air (Deluxe),2017-12-01,32,spotify:artist:22bE4uQ6baNwSHPVcDxLCe
297fLgo6LjFywGk33wuQzw,On Air,2017-12-01,18,spotify:artist:22bE4uQ6baNwSHPVcDxLCe
6tKuUM65RFjYbwVKqMAMjw,From The Vault: No Security - San Jose 1999 (Live),2018-07-13,20,spotify:artist:22bE4uQ6baNwSHPVcDxLCe
0a9Rwt5iRRZ6KNyO60PXoW,Voodoo Lounge Uncut (Live),2018-11-16,28,spotify:artist:22bE4uQ6baNwSHPVcDxLCe
6GMdkihFQDTjdxCPvv0Xiw,Honk (Deluxe),2019-04-19,47,spotify:artist:22bE4uQ6baNwSHPVcDxLCe
1yOEzokWXzaNJk73ujxlPi,Bridges To Bremen (Live),2019-06-21,22,spotify:artist:22bE4uQ6baNwSHPVcDxLCe
6hLki1jDiueXKBP1IlkZCH,Bridges To Buenos Aires (Live),2019-11-08,22,spotify:artist:22bE4uQ6baNwSHPVcDxLCe
5Q7oMv5dx9VinYxveFZNsn,Goats Head Soup (Deluxe),2020-09-04,37,spotify:artist:22bE4uQ6baNwSHPVcDxLCe
6swxj0Kz3uftYXdIrnmIEY,Steel Wheels Live,2020-09-25,27,spotify:artist:22bE4uQ6baNwSHPVcDxLCe
7fvR1o3KGJo6c88O6GtSNI,A Bigger Bang (Live),2021-07-09,22,spotify:artist:22bE4uQ6baNwSHPVcDxLCe
0yTaOPkfNqatnSwaLby8U6,Tattoo You,2021-10-22,11,spotify:artist:22bE4uQ6baNwSHPVcDxLCe
3RWlnnrGMHsNWrgRXPUESk,Tattoo You (Super Deluxe),2021-10-22,46,spotify:artist:22bE4uQ6baNwSHPVcDxLCe
444RtK8RqcIODjfyaWTuhi,Live At The El Mocambo,2022-05-13,23,spotify:artist:22bE4uQ6baNwSHPVcDxLCe
2DgkKPkJ4DidhjjW9mZbSK,Licked Live In NYC,2022-06-10,23,spotify:artist:22bE4uQ6baNwSHPVcDxLCe
1K3pURZRtzha3NtScg8djG,Wide Awake In America,1985-06-10,4,spotify:artist:51Blml2LZPmy7TTiAg47vQ
0dUZLVbT5nlxo2iWkET1Ha,Night and Day,1990-09-25,1,spotify:artist:51Blml2LZPmy7TTiAg47vQ
2itjEfINXggLVHAPR9Epo0,One,1992-03-06,4,spotify:artist:51Blml2LZPmy7TTiAg47vQ
5gwGO6B0lrAh15OGq2ENN6,Stay (Faraway So Close!),1993-11-23,2,spotify:artist:51Blml2LZPmy7TTiAg47vQ
2DlVMstHyDAD9tIpWmxr5I,Discotheque,1997-02-03,3,spotify:artist:51Blml2LZPmy7TTiAg47vQ
0hUJufrYM7GILUZ11YcNWZ,Staring At The Sun,1997-04-15,4,spotify:artist:51Blml2LZPmy7TTiAg47vQ
6JXh2adGEGMNNAOzQBcXR1,Please,1997-09-08,5,spotify:artist:51Blml2LZPmy7TTiAg47vQ
36en67Rk5Fa1r6lZWOVB2i,Mofo Remixes,1997-12-08,3,spotify:artist:51Blml2LZPmy7TTiAg47vQ
6XPN0c2QkWpPcAHjB2D5ou,If God Will Send His Angels,1997-12-08,4,spotify:artist:51Blml2LZPmy7TTiAg47vQ
5l4oTfhfAVLN6e5xRQmANX,Beautiful Day,2000-01-01,3,spotify:artist:51Blml2LZPmy7TTiAg47vQ
4GFSuzxJRKxuVcauwLkphD,Electrical Storm,2002-01-01,3,spotify:artist:51Blml2LZPmy7TTiAg47vQ
2jOxjU5Mw0eIKQIFohnghC,Take Me To The Clouds Above (LMC Vs. U2 / Remixes),2004-01-26,13,spotify:artist:51Blml2LZPmy7TTiAg47vQ
3mwhjTT2rr5Gif3EEoqaxd,Vertigo,2004-11-08,5,spotify:artist:51Blml2LZPmy7TTiAg47vQ
0VG8lS45raH8DKwmBE3bEu,Original Of The Species,2005-01-01,1,spotify:artist:51Blml2LZPmy7TTiAg47vQ
0RkQnqzf23UlcTRaA3b8eq,Sometimes You Can't Make It On Your Own,2005-02-07,5,spotify:artist:51Blml2LZPmy7TTiAg47vQ
685mgU9EG6rneNnWYvmO5z,City Of Blinding Lights,2005-06-06,5,spotify:artist:51Blml2LZPmy7TTiAg47vQ
4fQO0lCbHnonsraZYaZqYu,All Because Of You,2005-10-10,5,spotify:artist:51Blml2LZPmy7TTiAg47vQ
7DnsBgWqerL2UTkkYi3o9l,The Saints Are Coming (Live),2006-01-01,1,spotify:artist:51Blml2LZPmy7TTiAg47vQ
3YQIjUiN4qA9whfx611Q7X,The Saints Are Coming,2006-01-01,2,spotify:artist:51Blml2LZPmy7TTiAg47vQ
7jmZtvCtbw2eoNtJpW1CUa,Original Of The Species (Live From Milan),2006-11-20,1,spotify:artist:51Blml2LZPmy7TTiAg47vQ
2DJwu5eRB1FtUQQlJsMwVi,Window In The Skies,2007-01-01,3,spotify:artist:51Blml2LZPmy7TTiAg47vQ
3jbb8Ux7V8UuaveOCRcVTV,Magnificent,2009-05-04,10,spotify:artist:51Blml2LZPmy7TTiAg47vQ
3nZj6iJCO18g5w0iIZxsme,I'll Go Crazy If I Don't Go Crazy Tonight,2009-08-17,7,spotify:artist:51Blml2LZPmy7TTiAg47vQ
56YysgFn3NdLqKKxjACIJz,I Believe In Father Christmas,2009-11-17,1,spotify:artist:51Blml2LZPmy7TTiAg47vQ
6aGUWIKg6BA37SB3gwOAUZ,Invisible - (RED) Edit,2014-01-01,1,spotify:artist:51Blml2LZPmy7TTiAg47vQ
6GlNPett117I47OJ1yifsM,Every Breaking Wave,2015-02-23,1,spotify:artist:51Blml2LZPmy7TTiAg47vQ
5kwnhxVMZ4EfVtuPloAuGY,Song For Someone - Single,2015-05-11,2,spotify:artist:51Blml2LZPmy7TTiAg47vQ
4ALinyuPQBbGXe2spz7IJH,You're The Best Thing About Me,2017-09-01,3,spotify:artist:51Blml2LZPmy7TTiAg47vQ
4i4mFVpyKUHOs6oKx5kKBO,Get Out Of Your Own Way,2017-12-01,4,spotify:artist:51Blml2LZPmy7TTiAg47vQ
3VJRDS3Xv9kAE8NLA9rHX1,Spotify Singles,2017-12-13,2,spotify:artist:51Blml2LZPmy7TTiAg47vQ
3tf6lMAgHfEsdPwOxYEbds,"U2 at Live Aid (Live at Wembley Stadium, 13th July 1985)",2018,2,spotify:artist:51Blml2LZPmy7TTiAg47vQ
0pkvxc39N8K5WZMGq4hHxK,Lights Of Home (Free Yourself / Beck Remix),2018-04-27,1,spotify:artist:51Blml2LZPmy7TTiAg47vQ
2BEDpxu7t8au9lcxw4QIR2,Love Is Bigger Than Anything In Its Way,2018-06-01,10,spotify:artist:51Blml2LZPmy7TTiAg47vQ
0wKqRc9fnjHgMyuHw4h0rT,Summer Of Love,2018-08-01,9,spotify:artist:51Blml2LZPmy7TTiAg47vQ
7N2UQW7AWRh40cWqlB7JvL,Ahimsa,2019-11-01,2,spotify:artist:51Blml2LZPmy7TTiAg47vQ
5hGJWntabH1kjbwuF0PwyW,The Eternal Remixes,2019-12-06,4,spotify:artist:51Blml2LZPmy7TTiAg47vQ
0aptgsGtrV5XvnopE7ZjSo,Bang A Gong (Get It On),2020-09-04,1,spotify:artist:51Blml2LZPmy7TTiAg47vQ
1yoecVTYholTrLaN6HWw7E,Trilogy (Remastered 2020),2020-11-13,3,spotify:artist:51Blml2LZPmy7TTiAg47vQ
3qRjN6rGaOXpJggBkSELzc,The Virtual Road – U2 Go Home: Live From Slane Castle Ireland EP (Remastered 2021),2021-03-17,4,spotify:artist:51Blml2LZPmy7TTiAg47vQ
6DH7NyRvxnNBNVDoiS4tJu,The Virtual Road – Live At Red Rocks: Under A Blood Red Sky EP (Remastered 2021),2021-03-25,4,spotify:artist:51Blml2LZPmy7TTiAg47vQ
5Hnig4D4QzpqMqxppRVVxs,The Virtual Road – PopMart Live From Mexico City EP (Remastered 2021),2021-04-01,4,spotify:artist:51Blml2LZPmy7TTiAg47vQ
5zDXcIoC0x6StiWOmlyCUT,The Virtual Road – iNNOCENCE + eXPERIENCE Live In Paris EP (Remastered 2021),2021-04-10,4,spotify:artist:51Blml2LZPmy7TTiAg47vQ
0lgSYiY3qT4Q9myulgxhAu,Your Song Saved My Life (From Sing 2),2021-11-03,1,spotify:artist:51Blml2LZPmy7TTiAg47vQ
6A7Gfg1fPBLrbRxQdya0vK,Pride (In The Name Of Love) [Songs Of Surrender],2023-01-11,1,spotify:artist:51Blml2LZPmy7TTiAg47vQ
2co53OwPjlTvPDQTpErBtU,Boy (Remastered),1980-10-20,11,spotify:artist:51Blml2LZPmy7TTiAg47vQ
4YCjEFs1aDmcilTMbqMwjY,Boy (Deluxe Edition Remastered),1980-10-20,25,spotify:artist:51Blml2LZPmy7TTiAg47vQ
59O7CFxLYBBKYtrO61LyqF,October (Deluxe Edition Remastered),1981-10-12,28,spotify:artist:51Blml2LZPmy7TTiAg47vQ
1CZ5aEhYDBEU0HdIdqLMo6,October (Remastered),1981-10-12,11,spotify:artist:51Blml2LZPmy7TTiAg47vQ
4Saua162eaEOksYc8TrB74,War (Deluxe Edition Remastered),1983-02-28,22,spotify:artist:51Blml2LZPmy7TTiAg47vQ
78TMTGYk15Py07PFNdQ7AJ,War (Deluxe Bonus eAlbum),1983-02-28,12,spotify:artist:51Blml2LZPmy7TTiAg47vQ
6GaqU0TlYBKHUiSJ0AT9A2,War (Remastered),1983-02-28,10,spotify:artist:51Blml2LZPmy7TTiAg47vQ
3FFosIE1A9HGRrinKTcBQ3,The Unforgettable Fire (Remastered),1984-10-01,10,spotify:artist:51Blml2LZPmy7TTiAg47vQ
1Y0w6vwUl9mwX1mTQ9SpQF,The Unforgettable Fire (Deluxe Edition Remastered),1984-10-01,26,spotify:artist:51Blml2LZPmy7TTiAg47vQ
4JfQDfKe4N5NCEyMP1mYT6,The Unforgettable Fire,1984-10-01,10,spotify:artist:51Blml2LZPmy7TTiAg47vQ
0VhBqdWCPCvkUAqtNhmOd6,The Joshua Tree (Super Deluxe),1987-03-03,49,spotify:artist:51Blml2LZPmy7TTiAg47vQ
2t4UTpa53ALkISHhiKrEtv,The Joshua Tree (Deluxe),1987-03-03,28,spotify:artist:51Blml2LZPmy7TTiAg47vQ
4mULDK6YXrFXTfSwvwm4M3,The Joshua Tree,1987-03-10,25,spotify:artist:51Blml2LZPmy7TTiAg47vQ
7hIoJcH4ObWasDFq78u1x9,Rattle And Hum,1988-10-10,17,spotify:artist:51Blml2LZPmy7TTiAg47vQ
5n52kyQKeUZs5ObZJejLQd,Achtung Baby,1991-11-18,12,spotify:artist:51Blml2LZPmy7TTiAg47vQ
0ta5VdkJcpdVnNrn7g4cZe,Achtung Baby (Deluxe Edition),1991-11-18,26,spotify:artist:51Blml2LZPmy7TTiAg47vQ
0IYjMBLA9PgtXyRPlLmTDE,Zooropa,1993-07-05,10,spotify:artist:51Blml2LZPmy7TTiAg47vQ
5mojJwWgWNJcY3odUGgQc3,Pop,1997-03-03,12,spotify:artist:51Blml2LZPmy7TTiAg47vQ
7a5U0GPoAvT3gvEY66FRuN,All That You Can't Leave Behind,2000-01-01,12,spotify:artist:51Blml2LZPmy7TTiAg47vQ
2nPJlUlcyQ24e1VdayD6TT,How To Dismantle An Atomic Bomb,2004-11-22,11,spotify:artist:51Blml2LZPmy7TTiAg47vQ
4ef70W9NTfsmHWtefD93HF,Boy (Deluxe Version),2008-01-01,25,spotify:artist:51Blml2LZPmy7TTiAg47vQ
73XkxLkaK4D7WMSILmpRDt,October,2008-01-01,11,spotify:artist:51Blml2LZPmy7TTiAg47vQ
4tCMKyB4g77qeuQEmqkAQi,War,2008-01-01,10,spotify:artist:51Blml2LZPmy7TTiAg47vQ
1mgye9GJ5e2qCufD6wCNKC,Under A Blood Red Sky,2008-01-01,8,spotify:artist:51Blml2LZPmy7TTiAg47vQ
2XHksgb0SsUL4NBaqTXHDX,Boy,2008-01-01,12,spotify:artist:51Blml2LZPmy7TTiAg47vQ
5yqMA7IvahYJc53ewRAMnP,No Line On The Horizon,2009-01-01,11,spotify:artist:51Blml2LZPmy7TTiAg47vQ
6wQXpkptAIZPzNf5H0SA10,Songs Of Innocence (Deluxe),2014-01-01,21,spotify:artist:51Blml2LZPmy7TTiAg47vQ
7DY6v8qiyQcsTCqUWjH7pS,Songs Of Innocence,2014-01-01,11,spotify:artist:51Blml2LZPmy7TTiAg47vQ
3TbG4ZvwHmzkU9JGltkxnf,Songs Of Experience (Deluxe Edition),2017-12-01,18,spotify:artist:51Blml2LZPmy7TTiAg47vQ
6GKpINyYmLRPjGnpzo8LIS,All That You Can’t Leave Behind (20th Anniversary Edition / Super Deluxe / Remastered 2020),2020-10-30,51,spotify:artist:51Blml2LZPmy7TTiAg47vQ
4YW8huyK8igJHvCJFLjuYT,Achtung Baby (30th Anniversary Edition),2021-11-19,50,spotify:artist:51Blml2LZPmy7TTiAg47vQ
5oGREQD6K5q93x2usLsOQT,Didn't We Almost Have It All,1987-08-13,2,spotify:artist:6XpaIBNiVzIetEPCWDvAFP
49S97XtS2kEoZEqGwKH2Mg,So Emotional (Remixes),1987-10-12,6,spotify:artist:6XpaIBNiVzIetEPCWDvAFP
7kp0CQl20wNwJb9p3a29Wm,Feels So Good / Takin' A Chance,1990-11-06,2,spotify:artist:6XpaIBNiVzIetEPCWDvAFP
6ys6TRqaLv6QQImQmTk7uZ,The Star Spangled Banner/America The Beautiful,1991-02-12,2,spotify:artist:6XpaIBNiVzIetEPCWDvAFP
7ntA3Nvs4gSYUardNWh7XB,When You Believe (From The Prince Of Egypt),1995,4,spotify:artist:6XpaIBNiVzIetEPCWDvAFP
4feyjHLm31HxeKGegVXYPZ,Exhale,1995-11-07,5,spotify:artist:6XpaIBNiVzIetEPCWDvAFP
0XGnvXuHiWdgB83sNrLEzX,When You Believe,1996,3,spotify:artist:6XpaIBNiVzIetEPCWDvAFP
3ZBWQ4DQEKC3V50607JJWr,VH1 Divas Live 1999 - Whitney Houston,1999-11-01,2,spotify:artist:6XpaIBNiVzIetEPCWDvAFP
0jeRBrEvhXTyXvlrFqkHWz,Try It On My Own (Thunderpuss Club Anthem Mix),2002,1,spotify:artist:6XpaIBNiVzIetEPCWDvAFP
5uGxYby1ROyO7SXPmRN9f9,Try It On My Own (Pound Boys Mix),2002,1,spotify:artist:6XpaIBNiVzIetEPCWDvAFP
649gV2kM9XkytoRu8nNyQE,Whatchulookinat (feat. P. Diddy),2002-09-17,2,spotify:artist:6XpaIBNiVzIetEPCWDvAFP
0ycpNZrYWOWg7Y8ofFUSiX,Love That Man,2003-06-03,4,spotify:artist:6XpaIBNiVzIetEPCWDvAFP
2UhTTYK82jM1cX80cv3cNo,Dance Vault Mixes - Queen Of The Night,2006-01-01,5,spotify:artist:6XpaIBNiVzIetEPCWDvAFP
4o3X0kTMB8nTQP1hMJ2uNB,Dance Vault Remixes - It's Not Right But It's Okay,2006-05-02,10,spotify:artist:6XpaIBNiVzIetEPCWDvAFP
0QyafD54dbQg5Ora15r5o2,Dance Vault Remixes - I Learned from the Best,2006-05-02,8,spotify:artist:6XpaIBNiVzIetEPCWDvAFP
69lLQ0LGzjL2dS17xiXj6E,Dance Vault Mixes - Love Will Save The Day,2006-06-06,4,spotify:artist:6XpaIBNiVzIetEPCWDvAFP
0dJLdVxF1QhwdtxRCROXJH,Dance Vault Mixes - I'm Every Woman/Who Do You Love,2006-06-06,6,spotify:artist:6XpaIBNiVzIetEPCWDvAFP
4CLu6D6lJnbQCMLUxVrL27,Dance Vault Mixes -Step By Step,2006-07-04,9,spotify:artist:6XpaIBNiVzIetEPCWDvAFP
2TykjHhYDRGjMbftd6S1pO,"Dance Vault Mixes - Same Script, Different Cast",2006-07-04,7,spotify:artist:6XpaIBNiVzIetEPCWDvAFP
0eLSApzzFw7eBCL6xsWtbM,Dance Vault Mixes - Heartbreak Hotel (feat. Faith Evans & Kelly Price),2006-07-04,4,spotify:artist:6XpaIBNiVzIetEPCWDvAFP
0k9eHkOssdhaQI0uggAmEU,Dance Vault Mixes - My Love Is Your Love,2006-07-11,10,spotify:artist:6XpaIBNiVzIetEPCWDvAFP
4XevUflzYL35oTRRfQfSok,Million Dollar Bill Remixes,2009-11-09,6,spotify:artist:6XpaIBNiVzIetEPCWDvAFP
3aUjMPDBOscv5mYcRxMCAz,I Look To You Remixes,2009-11-09,12,spotify:artist:6XpaIBNiVzIetEPCWDvAFP
4cSgPsB5DXAmePHr1U1a8B,I Didn't Know My Own Strength Remixes,2009-11-09,5,spotify:artist:6XpaIBNiVzIetEPCWDvAFP
6aAGQHmEEMas2paSwpRwh3,How Will I Know (Oliver Nelson Remix),2015-01-27,1,spotify:artist:6XpaIBNiVzIetEPCWDvAFP
4wquJImu8RtyEuDtIAsfcE,Higher Love,2019-06-28,1,spotify:artist:6XpaIBNiVzIetEPCWDvAFP
7bPOedunDZQuBsZQlsoNCA,Higher Love (Paul Woolford Remix),2019-09-26,1,spotify:artist:6XpaIBNiVzIetEPCWDvAFP
4n6vQe5wH8iDpUvfv3bCkP,Higher Love (Paul Woolford Radio Mix),2019-10-04,1,spotify:artist:6XpaIBNiVzIetEPCWDvAFP
1CemHS52SCDMHQ2JQ2kRdR,Do You Hear What I Hear?,2019-10-24,1,spotify:artist:6XpaIBNiVzIetEPCWDvAFP
6zq2IZ4PN0A7uLRu5ON0Pr,The Star Spangled Banner (feat. The Florida Orchestra) [Live from Super Bowl XXV],2021-01-27,1,spotify:artist:6XpaIBNiVzIetEPCWDvAFP
0ieUgrqfmWB4Ywu2CLWNWQ,How Will I Know,2021-09-24,1,spotify:artist:6XpaIBNiVzIetEPCWDvAFP
3qrEW19p3dENwHK2Opv0Ul,I Wanna Dance with Somebody (Who Loves Me) [David Solomon Remix],2022-07-08,1,spotify:artist:6XpaIBNiVzIetEPCWDvAFP
7mgMZJVOhNl1UZ1b1uZJeq,You'll Never Stand Alone (Moto Blanco Remix),2022-12-15,1,spotify:artist:6XpaIBNiVzIetEPCWDvAFP
0aP0bYoU6j1WKaxVyZZcB9,Tomorrow,2022-12-15,1,spotify:artist:6XpaIBNiVzIetEPCWDvAFP
4YJHXJOmAfqRXdqUq5DIxA,The Greatest Love Of All,2022-12-15,1,spotify:artist:6XpaIBNiVzIetEPCWDvAFP
2eipMW5Zh1FYsvNknMK8xH,Love Will Save the Day (MATVEÏ Remix),2022-12-15,1,spotify:artist:6XpaIBNiVzIetEPCWDvAFP
2fDgMOIPVpUsIJZyw8xaJm,Impossible Things,2022-12-15,1,spotify:artist:6XpaIBNiVzIetEPCWDvAFP
11ssQiO0vEUrB2QJ2oDZPf,I'm Every Woman,2022-12-15,1,spotify:artist:6XpaIBNiVzIetEPCWDvAFP
46yNxfRjOedOvxPEzThj53,I Love The Lord,2022-12-15,1,spotify:artist:6XpaIBNiVzIetEPCWDvAFP
6tVqaMv8UNenV53M7Hbfyv,Honest (Heartbreak Hotel),2022-12-15,1,spotify:artist:6XpaIBNiVzIetEPCWDvAFP
3Dxx5keo6wkJXBwRXdqZUb,Don't Cry For Me,2022-12-15,1,spotify:artist:6XpaIBNiVzIetEPCWDvAFP
7IS6ZEyEjonNlOuHWF6Uza,Don't Cry For Me (Thunderpuss Reunion Remix),2023-01-18,1,spotify:artist:6XpaIBNiVzIetEPCWDvAFP
04arXzlpe9GdzQ8yPzAjAE,Whitney Houston (The Deluxe Anniversary Edition),1985-02-14,15,spotify:artist:6XpaIBNiVzIetEPCWDvAFP
2MH37enG6IPvNK5QFLyKes,Whitney Houston,1985-02-14,10,spotify:artist:6XpaIBNiVzIetEPCWDvAFP
6kyGBW6pictjOZaw4oujN8,Whitney Dancin' Special,1986-11-01,7,spotify:artist:6XpaIBNiVzIetEPCWDvAFP
5Vdzprr5cOqXQo44eHeV7t,Whitney,1987-06-02,11,spotify:artist:6XpaIBNiVzIetEPCWDvAFP
5LaUUDnUTySWnJLj1xiBnw,I'm Your Baby Tonight,1990-11-04,11,spotify:artist:6XpaIBNiVzIetEPCWDvAFP
7JVJlkNNobS0GSoy4tCS96,The Bodyguard - Original Soundtrack Album,1992-11-17,12,spotify:artist:6XpaIBNiVzIetEPCWDvAFP
4GtmXlzXsP67AKOVT8LWKK,The Preacher's Wife,1996-11-27,15,spotify:artist:6XpaIBNiVzIetEPCWDvAFP
00NABajpGsPCObfcl4LJsM,My Love Is Your Love,1998-11-17,13,spotify:artist:6XpaIBNiVzIetEPCWDvAFP
1PaUocxapG5ROK0UVvZwNX,Just Whitney,2002-11-20,10,spotify:artist:6XpaIBNiVzIetEPCWDvAFP
7bEbn6yaqOzXmb3eAXDRbU,One Wish / The Holiday Album,2003-11-18,11,spotify:artist:6XpaIBNiVzIetEPCWDvAFP
0fBspIEkll6ta85x1ckodX,One Wish (The Holiday Album) [Deluxe Version],2003-11-18,12,spotify:artist:6XpaIBNiVzIetEPCWDvAFP
1MwwtYFk7ow6Bn0S98VW0A,I Look To You,2009-08-28,11,spotify:artist:6XpaIBNiVzIetEPCWDvAFP
2pUY2aS2a6LHybFtB2Ro9s,Concert for South Africa,2013-12-10,11,spotify:artist:6XpaIBNiVzIetEPCWDvAFP
36ofDpRRmMmSVVmsynRAs0,Whitney Houston Live: Her Greatest Performances,2014-11-10,16,spotify:artist:6XpaIBNiVzIetEPCWDvAFP
2EBlHp48A15NFr4nFEbVK1,ライヴ・イン・ニューヨーク1991 (Live) [Remastered],2017-07-28,11,spotify:artist:6XpaIBNiVzIetEPCWDvAFP
3qEUTNGTeDXwYwSl3v2hNV,I Wish You Love: More From The Bodyguard,2017-11-17,14,spotify:artist:6XpaIBNiVzIetEPCWDvAFP
00EjgohJGEYfe4vP35LVOv,"I Wanna Dance With Somebody (The Movie: Whitney New, Classic and Reimagined)",2022-12-16,35,spotify:artist:6XpaIBNiVzIetEPCWDvAFP
